Id,BIRTHDATE,DEATHDATE,SSN,DRIVERS,PASSPORT,PREFIX,FIRST,LAST,SUFFIX,MAIDEN,MARITAL,RACE,ETHNICITY,GENDER,BIRTHPLACE,ADDRESS,CITY,STATE,COUNTY,FIPS,ZIP,LAT,LON,HEALTHCARE_EXPENSES,HEALTHCARE_COVERAGE,INCOME,CURRENT_AGE,TOTAL_CONDITIONS,TOTAL_ENCOUNTER,ASTHMA_REASON_ENCOUNTER,SYMPTOM_ENCOUNTER,EMERGENCY_ENCOUNTER,URGENT_CARE_ENCOUNTER,ASTHMA_FU_ENCOUNTER,Measurement_avg pm25_2017,Measurement_avg pm25_2018,Measurement_avg pm25_2019,Measurement_avg pm25_2020,Measurement_avg pm25_2021,Measurement_avg pm25_2022,Measurement_avg pm25_2023,Measurement_avg pm25_2024,IS_SEVERE,HIGH_POLLUTION
*,*,*,*,*,*,*,*,*,*,*,*,{white},hispanic,F,*,*,*,*,*,*,*,*,*,*,*,*,*,"[1, 12[","[19, 422[","[5, 13[","[1, 18[",*,*,*,*,*,*,*,*,*,*,"[7, 8[",True,True
*,*,*,*,*,*,*,*,*,*,*,*,{white},nonhispanic,F,*,*,*,*,*,*,*,*,*,*,*,*,*,"[1, 12[","[19, 422[","[5, 13[","[1, 18[",*,*,*,*,*,*,*,*,*,*,"[7, 8[",True,True
*,*,*,*,*,*,*,*,*,*,*,*,{white},nonhispanic,M,*,*,*,*,*,*,*,*,*,*,*,*,*,"[1, 12[","[19, 422[","[1, 5[","[1, 18[",*,*,*,*,*,*,*,*,*,*,"[6, 7[",False,False
*,*,*,*,*,*,*,*,*,*,*,*,{white},nonhispanic,M,*,*,*,*,*,*,*,*,*,*,*,*,*,"[1, 12[","[19, 422[","[5, 13[","[1, 18[",*,*,*,*,*,*,*,*,*,*,"[8, 10[",True,True
*,*,*,*,*,*,*,*,*,*,*,*,{white},nonhispanic,M,*,*,*,*,*,*,*,*,*,*,*,*,*,"[1, 12[","[19, 422[","[1, 5[","[1, 18[",*,*,*,*,*,*,*,*,*,*,"[4.951, 6[",False,False
*,*,*,*,*,*,*,*,*,*,*,*,{white},nonhispanic,F,*,*,*,*,*,*,*,*,*,*,*,*,*,"[1, 12[","[19, 422[","[1, 5[","[1, 18[",*,*,*,*,*,*,*,*,*,*,"[6, 7[",False,False
*,*,*,*,*,*,*,*,*,*,*,*,{white},nonhispanic,M,*,*,*,*,*,*,*,*,*,*,*,*,*,"[1, 12[","[19, 422[","[1, 5[","[1, 18[",*,*,*,*,*,*,*,*,*,*,"[7, 8[",False,True
*,*,*,*,*,*,*,*,*,*,*,*,{white},hispanic,F,*,*,*,*,*,*,*,*,*,*,*,*,*,"[1, 12[","[19, 422[","[5, 13[","[1, 18[",*,*,*,*,*,*,*,*,*,*,"[7, 8[",True,True
*,*,*,*,*,*,*,*,*,*,*,*,{white},nonhispanic,M,*,*,*,*,*,*,*,*,*,*,*,*,*,"[1, 12[","[19, 422[","[1, 5[","[1, 18[",*,*,*,*,*,*,*,*,*,*,"[6, 7[",False,False
*,*,*,*,*,*,*,*,*,*,*,*,{white},nonhispanic,F,*,*,*,*,*,*,*,*,*,*,*,*,*,"[1, 12[","[19, 422[","[1, 5[","[1, 18[",*,*,*,*,*,*,*,*,*,*,"[6, 7[",False,False
*,*,*,*,*,*,*,*,*,*,*,*,{white},hispanic,F,*,*,*,*,*,*,*,*,*,*,*,*,*,"[1, 12[","[19, 422[","[5, 13[","[1, 18[",*,*,*,*,*,*,*,*,*,*,"[7, 8[",True,True
*,*,*,*,*,*,*,*,*,*,*,*,{white},nonhispanic,M,*,*,*,*,*,*,*,*,*,*,*,*,*,"[1, 12[","[19, 422[","[5, 13[","[1, 18[",*,*,*,*,*,*,*,*,*,*,"[7, 8[",True,True
*,*,*,*,*,*,*,*,*,*,*,*,*,*,*,*,*,*,*,*,*,*,*,*,*,*,*,*,*,*,*,*,*,*,*,*,*,*,*,*,*,*,*,*,*
*,*,*,*,*,*,*,*,*,*,*,*,{white},nonhispanic,F,*,*,*,*,*,*,*,*,*,*,*,*,*,"[1, 12[","[19, 422[","[1, 5[","[1, 18[",*,*,*,*,*,*,*,*,*,*,"[7, 8[",False,True
*,*,*,*,*,*,*,*,*,*,*,*,*,*,*,*,*,*,*,*,*,*,*,*,*,*,*,*,*,*,*,*,*,*,*,*,*,*,*,*,*,*,*,*,*
*,*,*,*,*,*,*,*,*,*,*,*,{white},nonhispanic,F,*,*,*,*,*,*,*,*,*,*,*,*,*,"[1, 12[","[19, 422[","[1, 5[","[1, 18[",*,*,*,*,*,*,*,*,*,*,"[6, 7[",False,False
*,*,*,*,*,*,*,*,*,*,*,*,{white},nonhispanic,M,*,*,*,*,*,*,*,*,*,*,*,*,*,"[1, 12[","[19, 422[","[5, 13[","[1, 18[",*,*,*,*,*,*,*,*,*,*,"[8, 10[",True,True
*,*,*,*,*,*,*,*,*,*,*,*,*,*,*,*,*,*,*,*,*,*,*,*,*,*,*,*,*,*,*,*,*,*,*,*,*,*,*,*,*,*,*,*,*
*,*,*,*,*,*,*,*,*,*,*,*,*,*,*,*,*,*,*,*,*,*,*,*,*,*,*,*,*,*,*,*,*,*,*,*,*,*,*,*,*,*,*,*,*
*,*,*,*,*,*,*,*,*,*,*,*,{white},nonhispanic,M,*,*,*,*,*,*,*,*,*,*,*,*,*,"[1, 12[","[19, 422[","[1, 5[","[1, 18[",*,*,*,*,*,*,*,*,*,*,"[6, 7[",False,False
*,*,*,*,*,*,*,*,*,*,*,*,{white},nonhispanic,M,*,*,*,*,*,*,*,*,*,*,*,*,*,"[1, 12[","[19, 422[","[5, 13[","[1, 18[",*,*,*,*,*,*,*,*,*,*,"[7, 8[",True,True
*,*,*,*,*,*,*,*,*,*,*,*,{white},nonhispanic,M,*,*,*,*,*,*,*,*,*,*,*,*,*,"[1, 12[","[19, 422[","[1, 5[","[1, 18[",*,*,*,*,*,*,*,*,*,*,"[6, 7[",False,False
*,*,*,*,*,*,*,*,*,*,*,*,{white},nonhispanic,M,*,*,*,*,*,*,*,*,*,*,*,*,*,"[1, 12[","[19, 422[","[5, 13[","[1, 18[",*,*,*,*,*,*,*,*,*,*,"[7, 8[",True,True
*,*,*,*,*,*,*,*,*,*,*,*,{white},nonhispanic,F,*,*,*,*,*,*,*,*,*,*,*,*,*,"[1, 12[","[19, 422[","[1, 5[","[1, 18[",*,*,*,*,*,*,*,*,*,*,"[6, 7[",False,False
*,*,*,*,*,*,*,*,*,*,*,*,*,*,*,*,*,*,*,*,*,*,*,*,*,*,*,*,*,*,*,*,*,*,*,*,*,*,*,*,*,*,*,*,*
*,*,*,*,*,*,*,*,*,*,*,*,*,*,*,*,*,*,*,*,*,*,*,*,*,*,*,*,*,*,*,*,*,*,*,*,*,*,*,*,*,*,*,*,*
*,*,*,*,*,*,*,*,*,*,*,*,{white},nonhispanic,M,*,*,*,*,*,*,*,*,*,*,*,*,*,"[1, 12[","[19, 422[","[1, 5[","[1, 18[",*,*,*,*,*,*,*,*,*,*,"[6, 7[",False,False
*,*,*,*,*,*,*,*,*,*,*,*,{white},nonhispanic,M,*,*,*,*,*,*,*,*,*,*,*,*,*,"[1, 12[","[19, 422[","[1, 5[","[1, 18[",*,*,*,*,*,*,*,*,*,*,"[6, 7[",False,False
*,*,*,*,*,*,*,*,*,*,*,*,{white},nonhispanic,F,*,*,*,*,*,*,*,*,*,*,*,*,*,"[1, 12[","[19, 422[","[1, 5[","[1, 18[",*,*,*,*,*,*,*,*,*,*,"[7, 8[",False,True
*,*,*,*,*,*,*,*,*,*,*,*,{white},nonhispanic,F,*,*,*,*,*,*,*,*,*,*,*,*,*,"[1, 12[","[19, 422[","[1, 5[","[1, 18[",*,*,*,*,*,*,*,*,*,*,"[4.951, 6[",False,False
*,*,*,*,*,*,*,*,*,*,*,*,{white},nonhispanic,M,*,*,*,*,*,*,*,*,*,*,*,*,*,"[1, 12[","[19, 422[","[5, 13[","[1, 18[",*,*,*,*,*,*,*,*,*,*,"[7, 8[",True,True
*,*,*,*,*,*,*,*,*,*,*,*,{white},nonhispanic,F,*,*,*,*,*,*,*,*,*,*,*,*,*,"[1, 12[","[19, 422[","[1, 5[","[1, 18[",*,*,*,*,*,*,*,*,*,*,"[6, 7[",False,False
*,*,*,*,*,*,*,*,*,*,*,*,"{asian, black, hawaiian, other}",nonhispanic,F,*,*,*,*,*,*,*,*,*,*,*,*,*,"[1, 12[","[19, 422[","[1, 5[","[1, 18[",*,*,*,*,*,*,*,*,*,*,"[6, 7[",False,False
*,*,*,*,*,*,*,*,*,*,*,*,*,*,*,*,*,*,*,*,*,*,*,*,*,*,*,*,*,*,*,*,*,*,*,*,*,*,*,*,*,*,*,*,*
*,*,*,*,*,*,*,*,*,*,*,*,{white},nonhispanic,M,*,*,*,*,*,*,*,*,*,*,*,*,*,"[1, 12[","[19, 422[","[1, 5[","[1, 18[",*,*,*,*,*,*,*,*,*,*,"[6, 7[",False,False
*,*,*,*,*,*,*,*,*,*,*,*,{white},nonhispanic,F,*,*,*,*,*,*,*,*,*,*,*,*,*,"[1, 12[","[19, 422[","[5, 13[","[1, 18[",*,*,*,*,*,*,*,*,*,*,"[7, 8[",True,True
*,*,*,*,*,*,*,*,*,*,*,*,{white},nonhispanic,F,*,*,*,*,*,*,*,*,*,*,*,*,*,"[1, 12[","[19, 422[","[5, 13[","[1, 18[",*,*,*,*,*,*,*,*,*,*,"[8, 10[",True,True
*,*,*,*,*,*,*,*,*,*,*,*,*,*,*,*,*,*,*,*,*,*,*,*,*,*,*,*,*,*,*,*,*,*,*,*,*,*,*,*,*,*,*,*,*
*,*,*,*,*,*,*,*,*,*,*,*,{white},hispanic,M,*,*,*,*,*,*,*,*,*,*,*,*,*,"[1, 12[","[19, 422[","[5, 13[","[1, 18[",*,*,*,*,*,*,*,*,*,*,"[7, 8[",True,True
*,*,*,*,*,*,*,*,*,*,*,*,{white},nonhispanic,M,*,*,*,*,*,*,*,*,*,*,*,*,*,"[1, 12[","[19, 422[","[5, 13[","[1, 18[",*,*,*,*,*,*,*,*,*,*,"[6, 7[",True,False
*,*,*,*,*,*,*,*,*,*,*,*,{white},nonhispanic,F,*,*,*,*,*,*,*,*,*,*,*,*,*,"[1, 12[","[19, 422[","[1, 5[","[1, 18[",*,*,*,*,*,*,*,*,*,*,"[7, 8[",False,True
*,*,*,*,*,*,*,*,*,*,*,*,{white},nonhispanic,F,*,*,*,*,*,*,*,*,*,*,*,*,*,"[1, 12[","[19, 422[","[5, 13[","[1, 18[",*,*,*,*,*,*,*,*,*,*,"[4.951, 6[",True,False
*,*,*,*,*,*,*,*,*,*,*,*,{white},nonhispanic,M,*,*,*,*,*,*,*,*,*,*,*,*,*,"[1, 12[","[19, 422[","[1, 5[","[1, 18[",*,*,*,*,*,*,*,*,*,*,"[6, 7[",False,False
*,*,*,*,*,*,*,*,*,*,*,*,{white},nonhispanic,F,*,*,*,*,*,*,*,*,*,*,*,*,*,"[1, 12[","[19, 422[","[1, 5[","[1, 18[",*,*,*,*,*,*,*,*,*,*,"[6, 7[",False,False
*,*,*,*,*,*,*,*,*,*,*,*,{white},nonhispanic,F,*,*,*,*,*,*,*,*,*,*,*,*,*,"[1, 12[","[19, 422[","[5, 13[","[1, 18[",*,*,*,*,*,*,*,*,*,*,"[7, 8[",True,True
*,*,*,*,*,*,*,*,*,*,*,*,{white},nonhispanic,M,*,*,*,*,*,*,*,*,*,*,*,*,*,"[1, 12[","[19, 422[","[5, 13[","[1, 18[",*,*,*,*,*,*,*,*,*,*,"[7, 8[",True,True
*,*,*,*,*,*,*,*,*,*,*,*,"{asian, black, hawaiian, other}",nonhispanic,F,*,*,*,*,*,*,*,*,*,*,*,*,*,"[1, 12[","[19, 422[","[5, 13[","[1, 18[",*,*,*,*,*,*,*,*,*,*,"[7, 8[",True,True
*,*,*,*,*,*,*,*,*,*,*,*,{white},nonhispanic,M,*,*,*,*,*,*,*,*,*,*,*,*,*,"[1, 12[","[19, 422[","[1, 5[","[1, 18[",*,*,*,*,*,*,*,*,*,*,"[7, 8[",False,True
*,*,*,*,*,*,*,*,*,*,*,*,{white},nonhispanic,M,*,*,*,*,*,*,*,*,*,*,*,*,*,"[1, 12[","[19, 422[","[5, 13[","[1, 18[",*,*,*,*,*,*,*,*,*,*,"[7, 8[",True,True
*,*,*,*,*,*,*,*,*,*,*,*,{white},nonhispanic,F,*,*,*,*,*,*,*,*,*,*,*,*,*,"[1, 12[","[19, 422[","[5, 13[","[1, 18[",*,*,*,*,*,*,*,*,*,*,"[7, 8[",True,True
*,*,*,*,*,*,*,*,*,*,*,*,{white},nonhispanic,F,*,*,*,*,*,*,*,*,*,*,*,*,*,"[1, 12[","[19, 422[","[1, 5[","[1, 18[",*,*,*,*,*,*,*,*,*,*,"[7, 8[",False,True
*,*,*,*,*,*,*,*,*,*,*,*,*,*,*,*,*,*,*,*,*,*,*,*,*,*,*,*,*,*,*,*,*,*,*,*,*,*,*,*,*,*,*,*,*
*,*,*,*,*,*,*,*,*,*,*,*,{white},hispanic,F,*,*,*,*,*,*,*,*,*,*,*,*,*,"[1, 12[","[19, 422[","[1, 5[","[1, 18[",*,*,*,*,*,*,*,*,*,*,"[6, 7[",False,False
*,*,*,*,*,*,*,*,*,*,*,*,"{asian, black, hawaiian, other}",nonhispanic,M,*,*,*,*,*,*,*,*,*,*,*,*,*,"[1, 12[","[19, 422[","[1, 5[","[1, 18[",*,*,*,*,*,*,*,*,*,*,"[6, 7[",False,False
*,*,*,*,*,*,*,*,*,*,*,*,*,*,*,*,*,*,*,*,*,*,*,*,*,*,*,*,*,*,*,*,*,*,*,*,*,*,*,*,*,*,*,*,*
*,*,*,*,*,*,*,*,*,*,*,*,"{asian, black, hawaiian, other}",nonhispanic,F,*,*,*,*,*,*,*,*,*,*,*,*,*,"[1, 12[","[19, 422[","[1, 5[","[1, 18[",*,*,*,*,*,*,*,*,*,*,"[6, 7[",False,False
*,*,*,*,*,*,*,*,*,*,*,*,{white},nonhispanic,M,*,*,*,*,*,*,*,*,*,*,*,*,*,"[1, 12[","[19, 422[","[1, 5[","[1, 18[",*,*,*,*,*,*,*,*,*,*,"[6, 7[",False,True
*,*,*,*,*,*,*,*,*,*,*,*,{white},nonhispanic,M,*,*,*,*,*,*,*,*,*,*,*,*,*,"[1, 12[","[19, 422[","[5, 13[","[1, 18[",*,*,*,*,*,*,*,*,*,*,"[6, 7[",True,False
*,*,*,*,*,*,*,*,*,*,*,*,{white},nonhispanic,M,*,*,*,*,*,*,*,*,*,*,*,*,*,"[1, 12[","[19, 422[","[1, 5[","[1, 18[",*,*,*,*,*,*,*,*,*,*,"[7, 8[",False,True
*,*,*,*,*,*,*,*,*,*,*,*,{white},nonhispanic,F,*,*,*,*,*,*,*,*,*,*,*,*,*,"[1, 12[","[19, 422[","[1, 5[","[1, 18[",*,*,*,*,*,*,*,*,*,*,"[4.951, 6[",False,False
*,*,*,*,*,*,*,*,*,*,*,*,{white},nonhispanic,M,*,*,*,*,*,*,*,*,*,*,*,*,*,"[1, 12[","[19, 422[","[1, 5[","[1, 18[",*,*,*,*,*,*,*,*,*,*,"[4.951, 6[",False,False
*,*,*,*,*,*,*,*,*,*,*,*,{white},nonhispanic,F,*,*,*,*,*,*,*,*,*,*,*,*,*,"[1, 12[","[19, 422[","[1, 5[","[1, 18[",*,*,*,*,*,*,*,*,*,*,"[6, 7[",False,False
*,*,*,*,*,*,*,*,*,*,*,*,*,*,*,*,*,*,*,*,*,*,*,*,*,*,*,*,*,*,*,*,*,*,*,*,*,*,*,*,*,*,*,*,*
*,*,*,*,*,*,*,*,*,*,*,*,*,*,*,*,*,*,*,*,*,*,*,*,*,*,*,*,*,*,*,*,*,*,*,*,*,*,*,*,*,*,*,*,*
*,*,*,*,*,*,*,*,*,*,*,*,"{asian, black, hawaiian, other}",nonhispanic,M,*,*,*,*,*,*,*,*,*,*,*,*,*,"[1, 12[","[19, 422[","[1, 5[","[1, 18[",*,*,*,*,*,*,*,*,*,*,"[4.951, 6[",False,False
*,*,*,*,*,*,*,*,*,*,*,*,{white},nonhispanic,F,*,*,*,*,*,*,*,*,*,*,*,*,*,"[1, 12[","[19, 422[","[5, 13[","[1, 18[",*,*,*,*,*,*,*,*,*,*,"[4.951, 6[",True,False
*,*,*,*,*,*,*,*,*,*,*,*,"{asian, black, hawaiian, other}",nonhispanic,F,*,*,*,*,*,*,*,*,*,*,*,*,*,"[1, 12[","[19, 422[","[1, 5[","[1, 18[",*,*,*,*,*,*,*,*,*,*,"[6, 7[",False,False
*,*,*,*,*,*,*,*,*,*,*,*,{white},nonhispanic,F,*,*,*,*,*,*,*,*,*,*,*,*,*,"[1, 12[","[19, 422[","[5, 13[","[1, 18[",*,*,*,*,*,*,*,*,*,*,"[7, 8[",True,True
*,*,*,*,*,*,*,*,*,*,*,*,{white},nonhispanic,M,*,*,*,*,*,*,*,*,*,*,*,*,*,"[1, 12[","[19, 422[","[1, 5[","[1, 18[",*,*,*,*,*,*,*,*,*,*,"[7, 8[",False,True
*,*,*,*,*,*,*,*,*,*,*,*,{white},nonhispanic,F,*,*,*,*,*,*,*,*,*,*,*,*,*,"[1, 12[","[19, 422[","[5, 13[","[1, 18[",*,*,*,*,*,*,*,*,*,*,"[6, 7[",True,False
*,*,*,*,*,*,*,*,*,*,*,*,{white},nonhispanic,F,*,*,*,*,*,*,*,*,*,*,*,*,*,"[1, 12[","[19, 422[","[1, 5[","[1, 18[",*,*,*,*,*,*,*,*,*,*,"[7, 8[",False,True
*,*,*,*,*,*,*,*,*,*,*,*,{white},nonhispanic,F,*,*,*,*,*,*,*,*,*,*,*,*,*,"[1, 12[","[19, 422[","[5, 13[","[1, 18[",*,*,*,*,*,*,*,*,*,*,"[8, 10[",True,True
*,*,*,*,*,*,*,*,*,*,*,*,{white},nonhispanic,M,*,*,*,*,*,*,*,*,*,*,*,*,*,"[1, 12[","[19, 422[","[1, 5[","[1, 18[",*,*,*,*,*,*,*,*,*,*,"[6, 7[",False,False
*,*,*,*,*,*,*,*,*,*,*,*,{white},nonhispanic,M,*,*,*,*,*,*,*,*,*,*,*,*,*,"[1, 12[","[19, 422[","[5, 13[","[1, 18[",*,*,*,*,*,*,*,*,*,*,"[7, 8[",True,False
*,*,*,*,*,*,*,*,*,*,*,*,{white},nonhispanic,F,*,*,*,*,*,*,*,*,*,*,*,*,*,"[1, 12[","[19, 422[","[1, 5[","[1, 18[",*,*,*,*,*,*,*,*,*,*,"[6, 7[",False,False
*,*,*,*,*,*,*,*,*,*,*,*,"{asian, black, hawaiian, other}",nonhispanic,M,*,*,*,*,*,*,*,*,*,*,*,*,*,"[1, 12[","[19, 422[","[1, 5[","[1, 18[",*,*,*,*,*,*,*,*,*,*,"[4.951, 6[",False,False
*,*,*,*,*,*,*,*,*,*,*,*,{white},nonhispanic,F,*,*,*,*,*,*,*,*,*,*,*,*,*,"[1, 12[","[19, 422[","[5, 13[","[1, 18[",*,*,*,*,*,*,*,*,*,*,"[6, 7[",True,False
*,*,*,*,*,*,*,*,*,*,*,*,{white},nonhispanic,F,*,*,*,*,*,*,*,*,*,*,*,*,*,"[1, 12[","[19, 422[","[5, 13[","[1, 18[",*,*,*,*,*,*,*,*,*,*,"[6, 7[",True,False
*,*,*,*,*,*,*,*,*,*,*,*,{white},nonhispanic,M,*,*,*,*,*,*,*,*,*,*,*,*,*,"[1, 12[","[19, 422[","[5, 13[","[1, 18[",*,*,*,*,*,*,*,*,*,*,"[7, 8[",True,True
*,*,*,*,*,*,*,*,*,*,*,*,{white},nonhispanic,F,*,*,*,*,*,*,*,*,*,*,*,*,*,"[1, 12[","[19, 422[","[1, 5[","[1, 18[",*,*,*,*,*,*,*,*,*,*,"[6, 7[",False,False
*,*,*,*,*,*,*,*,*,*,*,*,*,*,*,*,*,*,*,*,*,*,*,*,*,*,*,*,*,*,*,*,*,*,*,*,*,*,*,*,*,*,*,*,*
*,*,*,*,*,*,*,*,*,*,*,*,{white},nonhispanic,F,*,*,*,*,*,*,*,*,*,*,*,*,*,"[1, 12[","[19, 422[","[1, 5[","[1, 18[",*,*,*,*,*,*,*,*,*,*,"[7, 8[",False,True
*,*,*,*,*,*,*,*,*,*,*,*,{white},nonhispanic,F,*,*,*,*,*,*,*,*,*,*,*,*,*,"[1, 12[","[19, 422[","[1, 5[","[1, 18[",*,*,*,*,*,*,*,*,*,*,"[7, 8[",False,True
*,*,*,*,*,*,*,*,*,*,*,*,{white},nonhispanic,M,*,*,*,*,*,*,*,*,*,*,*,*,*,"[1, 12[","[19, 422[","[1, 5[","[1, 18[",*,*,*,*,*,*,*,*,*,*,"[6, 7[",False,False
*,*,*,*,*,*,*,*,*,*,*,*,*,*,*,*,*,*,*,*,*,*,*,*,*,*,*,*,*,*,*,*,*,*,*,*,*,*,*,*,*,*,*,*,*
*,*,*,*,*,*,*,*,*,*,*,*,{white},nonhispanic,M,*,*,*,*,*,*,*,*,*,*,*,*,*,"[1, 12[","[19, 422[","[1, 5[","[1, 18[",*,*,*,*,*,*,*,*,*,*,"[6, 7[",False,False
*,*,*,*,*,*,*,*,*,*,*,*,{white},nonhispanic,F,*,*,*,*,*,*,*,*,*,*,*,*,*,"[1, 12[","[19, 422[","[1, 5[","[1, 18[",*,*,*,*,*,*,*,*,*,*,"[6, 7[",False,False
*,*,*,*,*,*,*,*,*,*,*,*,{white},nonhispanic,F,*,*,*,*,*,*,*,*,*,*,*,*,*,"[1, 12[","[19, 422[","[5, 13[","[1, 18[",*,*,*,*,*,*,*,*,*,*,"[7, 8[",True,True
*,*,*,*,*,*,*,*,*,*,*,*,{white},nonhispanic,M,*,*,*,*,*,*,*,*,*,*,*,*,*,"[1, 12[","[19, 422[","[1, 5[","[1, 18[",*,*,*,*,*,*,*,*,*,*,"[6, 7[",False,False
*,*,*,*,*,*,*,*,*,*,*,*,{white},nonhispanic,M,*,*,*,*,*,*,*,*,*,*,*,*,*,"[1, 12[","[19, 422[","[1, 5[","[1, 18[",*,*,*,*,*,*,*,*,*,*,"[6, 7[",False,False
*,*,*,*,*,*,*,*,*,*,*,*,{white},nonhispanic,M,*,*,*,*,*,*,*,*,*,*,*,*,*,"[1, 12[","[19, 422[","[1, 5[","[1, 18[",*,*,*,*,*,*,*,*,*,*,"[4.951, 6[",False,False
*,*,*,*,*,*,*,*,*,*,*,*,{white},nonhispanic,M,*,*,*,*,*,*,*,*,*,*,*,*,*,"[1, 12[","[19, 422[","[5, 13[","[1, 18[",*,*,*,*,*,*,*,*,*,*,"[8, 10[",True,True
*,*,*,*,*,*,*,*,*,*,*,*,"{asian, black, hawaiian, other}",nonhispanic,M,*,*,*,*,*,*,*,*,*,*,*,*,*,"[1, 12[","[19, 422[","[1, 5[","[1, 18[",*,*,*,*,*,*,*,*,*,*,"[4.951, 6[",False,False
*,*,*,*,*,*,*,*,*,*,*,*,{white},nonhispanic,M,*,*,*,*,*,*,*,*,*,*,*,*,*,"[1, 12[","[19, 422[","[1, 5[","[1, 18[",*,*,*,*,*,*,*,*,*,*,"[6, 7[",False,False
*,*,*,*,*,*,*,*,*,*,*,*,{white},nonhispanic,F,*,*,*,*,*,*,*,*,*,*,*,*,*,"[1, 12[","[19, 422[","[1, 5[","[1, 18[",*,*,*,*,*,*,*,*,*,*,"[4.951, 6[",False,False
*,*,*,*,*,*,*,*,*,*,*,*,*,*,*,*,*,*,*,*,*,*,*,*,*,*,*,*,*,*,*,*,*,*,*,*,*,*,*,*,*,*,*,*,*
*,*,*,*,*,*,*,*,*,*,*,*,{white},nonhispanic,F,*,*,*,*,*,*,*,*,*,*,*,*,*,"[1, 12[","[19, 422[","[1, 5[","[1, 18[",*,*,*,*,*,*,*,*,*,*,"[6, 7[",False,False
*,*,*,*,*,*,*,*,*,*,*,*,{white},nonhispanic,M,*,*,*,*,*,*,*,*,*,*,*,*,*,"[1, 12[","[19, 422[","[1, 5[","[1, 18[",*,*,*,*,*,*,*,*,*,*,"[6, 7[",False,False
*,*,*,*,*,*,*,*,*,*,*,*,"{asian, black, hawaiian, other}",nonhispanic,M,*,*,*,*,*,*,*,*,*,*,*,*,*,"[1, 12[","[19, 422[","[1, 5[","[1, 18[",*,*,*,*,*,*,*,*,*,*,"[6, 7[",False,False
*,*,*,*,*,*,*,*,*,*,*,*,"{asian, black, hawaiian, other}",nonhispanic,F,*,*,*,*,*,*,*,*,*,*,*,*,*,"[1, 12[","[19, 422[","[1, 5[","[1, 18[",*,*,*,*,*,*,*,*,*,*,"[6, 7[",False,True
*,*,*,*,*,*,*,*,*,*,*,*,{white},nonhispanic,M,*,*,*,*,*,*,*,*,*,*,*,*,*,"[1, 12[","[19, 422[","[5, 13[","[1, 18[",*,*,*,*,*,*,*,*,*,*,"[7, 8[",True,True
*,*,*,*,*,*,*,*,*,*,*,*,{white},nonhispanic,F,*,*,*,*,*,*,*,*,*,*,*,*,*,"[1, 12[","[19, 422[","[1, 5[","[1, 18[",*,*,*,*,*,*,*,*,*,*,"[4.951, 6[",False,False
*,*,*,*,*,*,*,*,*,*,*,*,{white},hispanic,M,*,*,*,*,*,*,*,*,*,*,*,*,*,"[1, 12[","[19, 422[","[5, 13[","[1, 18[",*,*,*,*,*,*,*,*,*,*,"[7, 8[",True,True
*,*,*,*,*,*,*,*,*,*,*,*,{white},nonhispanic,F,*,*,*,*,*,*,*,*,*,*,*,*,*,"[1, 12[","[19, 422[","[1, 5[","[1, 18[",*,*,*,*,*,*,*,*,*,*,"[6, 7[",False,False
*,*,*,*,*,*,*,*,*,*,*,*,*,*,*,*,*,*,*,*,*,*,*,*,*,*,*,*,*,*,*,*,*,*,*,*,*,*,*,*,*,*,*,*,*
*,*,*,*,*,*,*,*,*,*,*,*,{white},nonhispanic,M,*,*,*,*,*,*,*,*,*,*,*,*,*,"[1, 12[","[19, 422[","[1, 5[","[1, 18[",*,*,*,*,*,*,*,*,*,*,"[6, 7[",False,False
*,*,*,*,*,*,*,*,*,*,*,*,{white},nonhispanic,M,*,*,*,*,*,*,*,*,*,*,*,*,*,"[1, 12[","[19, 422[","[5, 13[","[1, 18[",*,*,*,*,*,*,*,*,*,*,"[6, 7[",True,False
*,*,*,*,*,*,*,*,*,*,*,*,{white},nonhispanic,M,*,*,*,*,*,*,*,*,*,*,*,*,*,"[1, 12[","[19, 422[","[5, 13[","[1, 18[",*,*,*,*,*,*,*,*,*,*,"[7, 8[",True,True
*,*,*,*,*,*,*,*,*,*,*,*,*,*,*,*,*,*,*,*,*,*,*,*,*,*,*,*,*,*,*,*,*,*,*,*,*,*,*,*,*,*,*,*,*
*,*,*,*,*,*,*,*,*,*,*,*,*,*,*,*,*,*,*,*,*,*,*,*,*,*,*,*,*,*,*,*,*,*,*,*,*,*,*,*,*,*,*,*,*
*,*,*,*,*,*,*,*,*,*,*,*,{white},nonhispanic,F,*,*,*,*,*,*,*,*,*,*,*,*,*,"[1, 12[","[19, 422[","[1, 5[","[1, 18[",*,*,*,*,*,*,*,*,*,*,"[6, 7[",False,False
*,*,*,*,*,*,*,*,*,*,*,*,{white},nonhispanic,F,*,*,*,*,*,*,*,*,*,*,*,*,*,"[1, 12[","[19, 422[","[5, 13[","[1, 18[",*,*,*,*,*,*,*,*,*,*,"[6, 7[",True,False
*,*,*,*,*,*,*,*,*,*,*,*,{white},nonhispanic,F,*,*,*,*,*,*,*,*,*,*,*,*,*,"[1, 12[","[19, 422[","[1, 5[","[1, 18[",*,*,*,*,*,*,*,*,*,*,"[4.951, 6[",False,False
*,*,*,*,*,*,*,*,*,*,*,*,{white},nonhispanic,F,*,*,*,*,*,*,*,*,*,*,*,*,*,"[1, 12[","[19, 422[","[5, 13[","[1, 18[",*,*,*,*,*,*,*,*,*,*,"[6, 7[",True,False
*,*,*,*,*,*,*,*,*,*,*,*,{white},nonhispanic,F,*,*,*,*,*,*,*,*,*,*,*,*,*,"[1, 12[","[19, 422[","[1, 5[","[1, 18[",*,*,*,*,*,*,*,*,*,*,"[7, 8[",False,True
*,*,*,*,*,*,*,*,*,*,*,*,"{asian, black, hawaiian, other}",nonhispanic,F,*,*,*,*,*,*,*,*,*,*,*,*,*,"[1, 12[","[19, 422[","[1, 5[","[1, 18[",*,*,*,*,*,*,*,*,*,*,"[7, 8[",False,True
*,*,*,*,*,*,*,*,*,*,*,*,{white},nonhispanic,F,*,*,*,*,*,*,*,*,*,*,*,*,*,"[1, 12[","[19, 422[","[1, 5[","[1, 18[",*,*,*,*,*,*,*,*,*,*,"[4.951, 6[",False,False
*,*,*,*,*,*,*,*,*,*,*,*,"{asian, black, hawaiian, other}",nonhispanic,F,*,*,*,*,*,*,*,*,*,*,*,*,*,"[1, 12[","[19, 422[","[1, 5[","[1, 18[",*,*,*,*,*,*,*,*,*,*,"[7, 8[",False,True
*,*,*,*,*,*,*,*,*,*,*,*,"{asian, black, hawaiian, other}",nonhispanic,F,*,*,*,*,*,*,*,*,*,*,*,*,*,"[1, 12[","[19, 422[","[1, 5[","[1, 18[",*,*,*,*,*,*,*,*,*,*,"[7, 8[",False,True
*,*,*,*,*,*,*,*,*,*,*,*,{white},nonhispanic,M,*,*,*,*,*,*,*,*,*,*,*,*,*,"[1, 12[","[19, 422[","[1, 5[","[1, 18[",*,*,*,*,*,*,*,*,*,*,"[7, 8[",False,True
*,*,*,*,*,*,*,*,*,*,*,*,{white},nonhispanic,M,*,*,*,*,*,*,*,*,*,*,*,*,*,"[1, 12[","[19, 422[","[1, 5[","[1, 18[",*,*,*,*,*,*,*,*,*,*,"[7, 8[",False,True
*,*,*,*,*,*,*,*,*,*,*,*,{white},nonhispanic,F,*,*,*,*,*,*,*,*,*,*,*,*,*,"[1, 12[","[19, 422[","[5, 13[","[1, 18[",*,*,*,*,*,*,*,*,*,*,"[6, 7[",True,False
*,*,*,*,*,*,*,*,*,*,*,*,"{asian, black, hawaiian, other}",nonhispanic,F,*,*,*,*,*,*,*,*,*,*,*,*,*,"[1, 12[","[19, 422[","[5, 13[","[1, 18[",*,*,*,*,*,*,*,*,*,*,"[7, 8[",True,True
*,*,*,*,*,*,*,*,*,*,*,*,{white},nonhispanic,F,*,*,*,*,*,*,*,*,*,*,*,*,*,"[1, 12[","[19, 422[","[1, 5[","[1, 18[",*,*,*,*,*,*,*,*,*,*,"[4.951, 6[",False,False
*,*,*,*,*,*,*,*,*,*,*,*,"{asian, black, hawaiian, other}",nonhispanic,F,*,*,*,*,*,*,*,*,*,*,*,*,*,"[1, 12[","[19, 422[","[1, 5[","[1, 18[",*,*,*,*,*,*,*,*,*,*,"[6, 7[",False,False
*,*,*,*,*,*,*,*,*,*,*,*,{white},nonhispanic,F,*,*,*,*,*,*,*,*,*,*,*,*,*,"[1, 12[","[19, 422[","[5, 13[","[1, 18[",*,*,*,*,*,*,*,*,*,*,"[7, 8[",True,True
*,*,*,*,*,*,*,*,*,*,*,*,{white},nonhispanic,M,*,*,*,*,*,*,*,*,*,*,*,*,*,"[1, 12[","[19, 422[","[5, 13[","[1, 18[",*,*,*,*,*,*,*,*,*,*,"[7, 8[",True,True
*,*,*,*,*,*,*,*,*,*,*,*,{white},nonhispanic,F,*,*,*,*,*,*,*,*,*,*,*,*,*,"[1, 12[","[19, 422[","[1, 5[","[1, 18[",*,*,*,*,*,*,*,*,*,*,"[7, 8[",False,True
*,*,*,*,*,*,*,*,*,*,*,*,{white},nonhispanic,M,*,*,*,*,*,*,*,*,*,*,*,*,*,"[1, 12[","[19, 422[","[1, 5[","[1, 18[",*,*,*,*,*,*,*,*,*,*,"[7, 8[",False,True
*,*,*,*,*,*,*,*,*,*,*,*,"{asian, black, hawaiian, other}",nonhispanic,F,*,*,*,*,*,*,*,*,*,*,*,*,*,"[1, 12[","[19, 422[","[5, 13[","[1, 18[",*,*,*,*,*,*,*,*,*,*,"[7, 8[",True,True
*,*,*,*,*,*,*,*,*,*,*,*,"{asian, black, hawaiian, other}",nonhispanic,F,*,*,*,*,*,*,*,*,*,*,*,*,*,"[1, 12[","[19, 422[","[1, 5[","[1, 18[",*,*,*,*,*,*,*,*,*,*,"[4.951, 6[",False,False
*,*,*,*,*,*,*,*,*,*,*,*,{white},nonhispanic,F,*,*,*,*,*,*,*,*,*,*,*,*,*,"[1, 12[","[19, 422[","[1, 5[","[1, 18[",*,*,*,*,*,*,*,*,*,*,"[6, 7[",False,False
*,*,*,*,*,*,*,*,*,*,*,*,{white},nonhispanic,M,*,*,*,*,*,*,*,*,*,*,*,*,*,"[1, 12[","[19, 422[","[1, 5[","[1, 18[",*,*,*,*,*,*,*,*,*,*,"[6, 7[",False,False
*,*,*,*,*,*,*,*,*,*,*,*,{white},nonhispanic,F,*,*,*,*,*,*,*,*,*,*,*,*,*,"[1, 12[","[19, 422[","[5, 13[","[1, 18[",*,*,*,*,*,*,*,*,*,*,"[6, 7[",True,False
*,*,*,*,*,*,*,*,*,*,*,*,{white},hispanic,F,*,*,*,*,*,*,*,*,*,*,*,*,*,"[1, 12[","[19, 422[","[1, 5[","[1, 18[",*,*,*,*,*,*,*,*,*,*,"[6, 7[",False,False
*,*,*,*,*,*,*,*,*,*,*,*,"{asian, black, hawaiian, other}",nonhispanic,F,*,*,*,*,*,*,*,*,*,*,*,*,*,"[1, 12[","[19, 422[","[1, 5[","[1, 18[",*,*,*,*,*,*,*,*,*,*,"[6, 7[",False,True
*,*,*,*,*,*,*,*,*,*,*,*,{white},nonhispanic,M,*,*,*,*,*,*,*,*,*,*,*,*,*,"[1, 12[","[19, 422[","[1, 5[","[1, 18[",*,*,*,*,*,*,*,*,*,*,"[6, 7[",False,False
*,*,*,*,*,*,*,*,*,*,*,*,{white},nonhispanic,M,*,*,*,*,*,*,*,*,*,*,*,*,*,"[1, 12[","[19, 422[","[1, 5[","[1, 18[",*,*,*,*,*,*,*,*,*,*,"[7, 8[",False,True
*,*,*,*,*,*,*,*,*,*,*,*,{white},nonhispanic,F,*,*,*,*,*,*,*,*,*,*,*,*,*,"[1, 12[","[19, 422[","[5, 13[","[1, 18[",*,*,*,*,*,*,*,*,*,*,"[7, 8[",True,True
*,*,*,*,*,*,*,*,*,*,*,*,{white},nonhispanic,M,*,*,*,*,*,*,*,*,*,*,*,*,*,"[1, 12[","[19, 422[","[1, 5[","[1, 18[",*,*,*,*,*,*,*,*,*,*,"[6, 7[",False,False
*,*,*,*,*,*,*,*,*,*,*,*,{white},nonhispanic,F,*,*,*,*,*,*,*,*,*,*,*,*,*,"[1, 12[","[19, 422[","[5, 13[","[1, 18[",*,*,*,*,*,*,*,*,*,*,"[7, 8[",True,True
*,*,*,*,*,*,*,*,*,*,*,*,{white},hispanic,F,*,*,*,*,*,*,*,*,*,*,*,*,*,"[1, 12[","[19, 422[","[5, 13[","[1, 18[",*,*,*,*,*,*,*,*,*,*,"[7, 8[",True,True
*,*,*,*,*,*,*,*,*,*,*,*,{white},nonhispanic,M,*,*,*,*,*,*,*,*,*,*,*,*,*,"[1, 12[","[19, 422[","[5, 13[","[1, 18[",*,*,*,*,*,*,*,*,*,*,"[7, 8[",True,True
*,*,*,*,*,*,*,*,*,*,*,*,{white},hispanic,F,*,*,*,*,*,*,*,*,*,*,*,*,*,"[1, 12[","[19, 422[","[5, 13[","[1, 18[",*,*,*,*,*,*,*,*,*,*,"[7, 8[",True,True
*,*,*,*,*,*,*,*,*,*,*,*,{white},nonhispanic,F,*,*,*,*,*,*,*,*,*,*,*,*,*,"[1, 12[","[19, 422[","[1, 5[","[1, 18[",*,*,*,*,*,*,*,*,*,*,"[6, 7[",False,False
*,*,*,*,*,*,*,*,*,*,*,*,{white},nonhispanic,M,*,*,*,*,*,*,*,*,*,*,*,*,*,"[1, 12[","[19, 422[","[5, 13[","[1, 18[",*,*,*,*,*,*,*,*,*,*,"[7, 8[",True,True
*,*,*,*,*,*,*,*,*,*,*,*,{white},nonhispanic,F,*,*,*,*,*,*,*,*,*,*,*,*,*,"[1, 12[","[19, 422[","[1, 5[","[1, 18[",*,*,*,*,*,*,*,*,*,*,"[6, 7[",False,False
*,*,*,*,*,*,*,*,*,*,*,*,{white},nonhispanic,M,*,*,*,*,*,*,*,*,*,*,*,*,*,"[1, 12[","[19, 422[","[5, 13[","[1, 18[",*,*,*,*,*,*,*,*,*,*,"[7, 8[",True,True
*,*,*,*,*,*,*,*,*,*,*,*,{white},hispanic,F,*,*,*,*,*,*,*,*,*,*,*,*,*,"[1, 12[","[19, 422[","[1, 5[","[1, 18[",*,*,*,*,*,*,*,*,*,*,"[7, 8[",False,True
*,*,*,*,*,*,*,*,*,*,*,*,{white},nonhispanic,M,*,*,*,*,*,*,*,*,*,*,*,*,*,"[1, 12[","[19, 422[","[1, 5[","[1, 18[",*,*,*,*,*,*,*,*,*,*,"[6, 7[",False,False
*,*,*,*,*,*,*,*,*,*,*,*,{white},nonhispanic,F,*,*,*,*,*,*,*,*,*,*,*,*,*,"[1, 12[","[19, 422[","[1, 5[","[1, 18[",*,*,*,*,*,*,*,*,*,*,"[7, 8[",False,True
*,*,*,*,*,*,*,*,*,*,*,*,{white},nonhispanic,M,*,*,*,*,*,*,*,*,*,*,*,*,*,"[1, 12[","[19, 422[","[1, 5[","[1, 18[",*,*,*,*,*,*,*,*,*,*,"[6, 7[",False,False
*,*,*,*,*,*,*,*,*,*,*,*,{white},nonhispanic,M,*,*,*,*,*,*,*,*,*,*,*,*,*,"[1, 12[","[19, 422[","[5, 13[","[1, 18[",*,*,*,*,*,*,*,*,*,*,"[8, 10[",True,True
*,*,*,*,*,*,*,*,*,*,*,*,"{asian, black, hawaiian, other}",nonhispanic,M,*,*,*,*,*,*,*,*,*,*,*,*,*,"[1, 12[","[19, 422[","[1, 5[","[1, 18[",*,*,*,*,*,*,*,*,*,*,"[6, 7[",False,False
*,*,*,*,*,*,*,*,*,*,*,*,*,*,*,*,*,*,*,*,*,*,*,*,*,*,*,*,*,*,*,*,*,*,*,*,*,*,*,*,*,*,*,*,*
*,*,*,*,*,*,*,*,*,*,*,*,"{asian, black, hawaiian, other}",nonhispanic,M,*,*,*,*,*,*,*,*,*,*,*,*,*,"[1, 12[","[19, 422[","[1, 5[","[1, 18[",*,*,*,*,*,*,*,*,*,*,"[7, 8[",False,True
*,*,*,*,*,*,*,*,*,*,*,*,{white},nonhispanic,F,*,*,*,*,*,*,*,*,*,*,*,*,*,"[1, 12[","[19, 422[","[1, 5[","[1, 18[",*,*,*,*,*,*,*,*,*,*,"[7, 8[",False,True
*,*,*,*,*,*,*,*,*,*,*,*,*,*,*,*,*,*,*,*,*,*,*,*,*,*,*,*,*,*,*,*,*,*,*,*,*,*,*,*,*,*,*,*,*
*,*,*,*,*,*,*,*,*,*,*,*,"{asian, black, hawaiian, other}",nonhispanic,F,*,*,*,*,*,*,*,*,*,*,*,*,*,"[1, 12[","[19, 422[","[5, 13[","[1, 18[",*,*,*,*,*,*,*,*,*,*,"[7, 8[",True,True
*,*,*,*,*,*,*,*,*,*,*,*,{white},hispanic,F,*,*,*,*,*,*,*,*,*,*,*,*,*,"[1, 12[","[19, 422[","[5, 13[","[1, 18[",*,*,*,*,*,*,*,*,*,*,"[7, 8[",True,True
*,*,*,*,*,*,*,*,*,*,*,*,{white},hispanic,M,*,*,*,*,*,*,*,*,*,*,*,*,*,"[1, 12[","[19, 422[","[5, 13[","[1, 18[",*,*,*,*,*,*,*,*,*,*,"[7, 8[",True,True
*,*,*,*,*,*,*,*,*,*,*,*,{white},hispanic,F,*,*,*,*,*,*,*,*,*,*,*,*,*,"[1, 12[","[19, 422[","[5, 13[","[1, 18[",*,*,*,*,*,*,*,*,*,*,"[7, 8[",True,True
*,*,*,*,*,*,*,*,*,*,*,*,{white},nonhispanic,F,*,*,*,*,*,*,*,*,*,*,*,*,*,"[1, 12[","[19, 422[","[1, 5[","[1, 18[",*,*,*,*,*,*,*,*,*,*,"[4.951, 6[",False,False
*,*,*,*,*,*,*,*,*,*,*,*,{white},nonhispanic,F,*,*,*,*,*,*,*,*,*,*,*,*,*,"[1, 12[","[19, 422[","[5, 13[","[1, 18[",*,*,*,*,*,*,*,*,*,*,"[6, 7[",True,False
*,*,*,*,*,*,*,*,*,*,*,*,{white},nonhispanic,F,*,*,*,*,*,*,*,*,*,*,*,*,*,"[1, 12[","[19, 422[","[1, 5[","[1, 18[",*,*,*,*,*,*,*,*,*,*,"[7, 8[",False,True
*,*,*,*,*,*,*,*,*,*,*,*,{white},nonhispanic,M,*,*,*,*,*,*,*,*,*,*,*,*,*,"[1, 12[","[19, 422[","[1, 5[","[1, 18[",*,*,*,*,*,*,*,*,*,*,"[4.951, 6[",False,False
*,*,*,*,*,*,*,*,*,*,*,*,{white},nonhispanic,F,*,*,*,*,*,*,*,*,*,*,*,*,*,"[1, 12[","[19, 422[","[1, 5[","[1, 18[",*,*,*,*,*,*,*,*,*,*,"[4.951, 6[",False,False
*,*,*,*,*,*,*,*,*,*,*,*,{white},nonhispanic,M,*,*,*,*,*,*,*,*,*,*,*,*,*,"[1, 12[","[19, 422[","[5, 13[","[1, 18[",*,*,*,*,*,*,*,*,*,*,"[8, 10[",True,True
*,*,*,*,*,*,*,*,*,*,*,*,{white},nonhispanic,F,*,*,*,*,*,*,*,*,*,*,*,*,*,"[1, 12[","[19, 422[","[5, 13[","[1, 18[",*,*,*,*,*,*,*,*,*,*,"[7, 8[",True,True
*,*,*,*,*,*,*,*,*,*,*,*,{white},nonhispanic,F,*,*,*,*,*,*,*,*,*,*,*,*,*,"[1, 12[","[19, 422[","[5, 13[","[1, 18[",*,*,*,*,*,*,*,*,*,*,"[7, 8[",True,True
*,*,*,*,*,*,*,*,*,*,*,*,{white},nonhispanic,M,*,*,*,*,*,*,*,*,*,*,*,*,*,"[1, 12[","[19, 422[","[1, 5[","[1, 18[",*,*,*,*,*,*,*,*,*,*,"[6, 7[",False,False
*,*,*,*,*,*,*,*,*,*,*,*,{white},nonhispanic,M,*,*,*,*,*,*,*,*,*,*,*,*,*,"[1, 12[","[19, 422[","[1, 5[","[1, 18[",*,*,*,*,*,*,*,*,*,*,"[6, 7[",False,False
*,*,*,*,*,*,*,*,*,*,*,*,{white},nonhispanic,F,*,*,*,*,*,*,*,*,*,*,*,*,*,"[1, 12[","[19, 422[","[1, 5[","[1, 18[",*,*,*,*,*,*,*,*,*,*,"[7, 8[",False,True
*,*,*,*,*,*,*,*,*,*,*,*,*,*,*,*,*,*,*,*,*,*,*,*,*,*,*,*,*,*,*,*,*,*,*,*,*,*,*,*,*,*,*,*,*
*,*,*,*,*,*,*,*,*,*,*,*,{white},nonhispanic,F,*,*,*,*,*,*,*,*,*,*,*,*,*,"[1, 12[","[19, 422[","[1, 5[","[1, 18[",*,*,*,*,*,*,*,*,*,*,"[6, 7[",False,False
*,*,*,*,*,*,*,*,*,*,*,*,{white},nonhispanic,F,*,*,*,*,*,*,*,*,*,*,*,*,*,"[1, 12[","[19, 422[","[5, 13[","[1, 18[",*,*,*,*,*,*,*,*,*,*,"[7, 8[",True,True
*,*,*,*,*,*,*,*,*,*,*,*,{white},hispanic,F,*,*,*,*,*,*,*,*,*,*,*,*,*,"[1, 12[","[19, 422[","[1, 5[","[1, 18[",*,*,*,*,*,*,*,*,*,*,"[7, 8[",False,True
*,*,*,*,*,*,*,*,*,*,*,*,{white},nonhispanic,M,*,*,*,*,*,*,*,*,*,*,*,*,*,"[1, 12[","[19, 422[","[1, 5[","[1, 18[",*,*,*,*,*,*,*,*,*,*,"[7, 8[",False,True
*,*,*,*,*,*,*,*,*,*,*,*,{white},nonhispanic,M,*,*,*,*,*,*,*,*,*,*,*,*,*,"[1, 12[","[19, 422[","[5, 13[","[1, 18[",*,*,*,*,*,*,*,*,*,*,"[7, 8[",True,True
*,*,*,*,*,*,*,*,*,*,*,*,{white},nonhispanic,M,*,*,*,*,*,*,*,*,*,*,*,*,*,"[1, 12[","[19, 422[","[1, 5[","[1, 18[",*,*,*,*,*,*,*,*,*,*,"[7, 8[",False,True
*,*,*,*,*,*,*,*,*,*,*,*,{white},nonhispanic,M,*,*,*,*,*,*,*,*,*,*,*,*,*,"[1, 12[","[19, 422[","[5, 13[","[1, 18[",*,*,*,*,*,*,*,*,*,*,"[7, 8[",True,True
*,*,*,*,*,*,*,*,*,*,*,*,"{asian, black, hawaiian, other}",nonhispanic,M,*,*,*,*,*,*,*,*,*,*,*,*,*,"[1, 12[","[19, 422[","[5, 13[","[1, 18[",*,*,*,*,*,*,*,*,*,*,"[7, 8[",True,True
*,*,*,*,*,*,*,*,*,*,*,*,{white},nonhispanic,M,*,*,*,*,*,*,*,*,*,*,*,*,*,"[1, 12[","[19, 422[","[5, 13[","[1, 18[",*,*,*,*,*,*,*,*,*,*,"[7, 8[",True,True
*,*,*,*,*,*,*,*,*,*,*,*,{white},nonhispanic,F,*,*,*,*,*,*,*,*,*,*,*,*,*,"[1, 12[","[19, 422[","[1, 5[","[1, 18[",*,*,*,*,*,*,*,*,*,*,"[7, 8[",False,True
*,*,*,*,*,*,*,*,*,*,*,*,{white},nonhispanic,F,*,*,*,*,*,*,*,*,*,*,*,*,*,"[1, 12[","[19, 422[","[1, 5[","[1, 18[",*,*,*,*,*,*,*,*,*,*,"[7, 8[",False,True
*,*,*,*,*,*,*,*,*,*,*,*,{white},nonhispanic,F,*,*,*,*,*,*,*,*,*,*,*,*,*,"[1, 12[","[19, 422[","[5, 13[","[1, 18[",*,*,*,*,*,*,*,*,*,*,"[7, 8[",True,True
*,*,*,*,*,*,*,*,*,*,*,*,{white},nonhispanic,M,*,*,*,*,*,*,*,*,*,*,*,*,*,"[1, 12[","[19, 422[","[1, 5[","[1, 18[",*,*,*,*,*,*,*,*,*,*,"[6, 7[",False,False
*,*,*,*,*,*,*,*,*,*,*,*,{white},nonhispanic,M,*,*,*,*,*,*,*,*,*,*,*,*,*,"[1, 12[","[19, 422[","[1, 5[","[1, 18[",*,*,*,*,*,*,*,*,*,*,"[7, 8[",False,True
*,*,*,*,*,*,*,*,*,*,*,*,{white},nonhispanic,M,*,*,*,*,*,*,*,*,*,*,*,*,*,"[1, 12[","[19, 422[","[5, 13[","[1, 18[",*,*,*,*,*,*,*,*,*,*,"[7, 8[",True,True
*,*,*,*,*,*,*,*,*,*,*,*,"{asian, black, hawaiian, other}",nonhispanic,F,*,*,*,*,*,*,*,*,*,*,*,*,*,"[1, 12[","[19, 422[","[1, 5[","[1, 18[",*,*,*,*,*,*,*,*,*,*,"[6, 7[",False,False
*,*,*,*,*,*,*,*,*,*,*,*,{white},nonhispanic,M,*,*,*,*,*,*,*,*,*,*,*,*,*,"[1, 12[","[19, 422[","[1, 5[","[1, 18[",*,*,*,*,*,*,*,*,*,*,"[7, 8[",False,True
*,*,*,*,*,*,*,*,*,*,*,*,{white},nonhispanic,F,*,*,*,*,*,*,*,*,*,*,*,*,*,"[1, 12[","[19, 422[","[5, 13[","[1, 18[",*,*,*,*,*,*,*,*,*,*,"[7, 8[",True,True
*,*,*,*,*,*,*,*,*,*,*,*,{white},nonhispanic,M,*,*,*,*,*,*,*,*,*,*,*,*,*,"[1, 12[","[19, 422[","[1, 5[","[1, 18[",*,*,*,*,*,*,*,*,*,*,"[6, 7[",False,False
*,*,*,*,*,*,*,*,*,*,*,*,{white},nonhispanic,M,*,*,*,*,*,*,*,*,*,*,*,*,*,"[1, 12[","[19, 422[","[1, 5[","[1, 18[",*,*,*,*,*,*,*,*,*,*,"[7, 8[",False,True
*,*,*,*,*,*,*,*,*,*,*,*,"{asian, black, hawaiian, other}",nonhispanic,M,*,*,*,*,*,*,*,*,*,*,*,*,*,"[1, 12[","[19, 422[","[1, 5[","[1, 18[",*,*,*,*,*,*,*,*,*,*,"[7, 8[",False,True
*,*,*,*,*,*,*,*,*,*,*,*,{white},nonhispanic,F,*,*,*,*,*,*,*,*,*,*,*,*,*,"[1, 12[","[19, 422[","[1, 5[","[1, 18[",*,*,*,*,*,*,*,*,*,*,"[6, 7[",False,True
*,*,*,*,*,*,*,*,*,*,*,*,{white},nonhispanic,F,*,*,*,*,*,*,*,*,*,*,*,*,*,"[1, 12[","[19, 422[","[1, 5[","[1, 18[",*,*,*,*,*,*,*,*,*,*,"[7, 8[",False,True
*,*,*,*,*,*,*,*,*,*,*,*,{white},nonhispanic,M,*,*,*,*,*,*,*,*,*,*,*,*,*,"[1, 12[","[19, 422[","[5, 13[","[1, 18[",*,*,*,*,*,*,*,*,*,*,"[7, 8[",True,True
*,*,*,*,*,*,*,*,*,*,*,*,*,*,*,*,*,*,*,*,*,*,*,*,*,*,*,*,*,*,*,*,*,*,*,*,*,*,*,*,*,*,*,*,*
*,*,*,*,*,*,*,*,*,*,*,*,"{asian, black, hawaiian, other}",nonhispanic,F,*,*,*,*,*,*,*,*,*,*,*,*,*,"[1, 12[","[19, 422[","[1, 5[","[1, 18[",*,*,*,*,*,*,*,*,*,*,"[6, 7[",False,False
*,*,*,*,*,*,*,*,*,*,*,*,{white},nonhispanic,M,*,*,*,*,*,*,*,*,*,*,*,*,*,"[1, 12[","[19, 422[","[1, 5[","[1, 18[",*,*,*,*,*,*,*,*,*,*,"[6, 7[",False,False
*,*,*,*,*,*,*,*,*,*,*,*,{white},nonhispanic,F,*,*,*,*,*,*,*,*,*,*,*,*,*,"[1, 12[","[19, 422[","[1, 5[","[1, 18[",*,*,*,*,*,*,*,*,*,*,"[7, 8[",False,True
*,*,*,*,*,*,*,*,*,*,*,*,{white},nonhispanic,F,*,*,*,*,*,*,*,*,*,*,*,*,*,"[1, 12[","[19, 422[","[1, 5[","[1, 18[",*,*,*,*,*,*,*,*,*,*,"[7, 8[",False,True
*,*,*,*,*,*,*,*,*,*,*,*,{white},nonhispanic,F,*,*,*,*,*,*,*,*,*,*,*,*,*,"[1, 12[","[19, 422[","[5, 13[","[1, 18[",*,*,*,*,*,*,*,*,*,*,"[6, 7[",True,False
*,*,*,*,*,*,*,*,*,*,*,*,{white},nonhispanic,M,*,*,*,*,*,*,*,*,*,*,*,*,*,"[1, 12[","[19, 422[","[5, 13[","[1, 18[",*,*,*,*,*,*,*,*,*,*,"[8, 10[",True,True
*,*,*,*,*,*,*,*,*,*,*,*,{white},nonhispanic,F,*,*,*,*,*,*,*,*,*,*,*,*,*,"[1, 12[","[19, 422[","[1, 5[","[1, 18[",*,*,*,*,*,*,*,*,*,*,"[7, 8[",False,True
*,*,*,*,*,*,*,*,*,*,*,*,{white},nonhispanic,M,*,*,*,*,*,*,*,*,*,*,*,*,*,"[1, 12[","[19, 422[","[1, 5[","[1, 18[",*,*,*,*,*,*,*,*,*,*,"[7, 8[",False,True
*,*,*,*,*,*,*,*,*,*,*,*,{white},nonhispanic,M,*,*,*,*,*,*,*,*,*,*,*,*,*,"[1, 12[","[19, 422[","[1, 5[","[1, 18[",*,*,*,*,*,*,*,*,*,*,"[6, 7[",False,True
*,*,*,*,*,*,*,*,*,*,*,*,{white},nonhispanic,M,*,*,*,*,*,*,*,*,*,*,*,*,*,"[1, 12[","[19, 422[","[1, 5[","[1, 18[",*,*,*,*,*,*,*,*,*,*,"[6, 7[",False,False
*,*,*,*,*,*,*,*,*,*,*,*,{white},nonhispanic,M,*,*,*,*,*,*,*,*,*,*,*,*,*,"[1, 12[","[19, 422[","[1, 5[","[1, 18[",*,*,*,*,*,*,*,*,*,*,"[7, 8[",False,True
*,*,*,*,*,*,*,*,*,*,*,*,{white},nonhispanic,M,*,*,*,*,*,*,*,*,*,*,*,*,*,"[1, 12[","[19, 422[","[1, 5[","[1, 18[",*,*,*,*,*,*,*,*,*,*,"[6, 7[",False,False
*,*,*,*,*,*,*,*,*,*,*,*,{white},nonhispanic,M,*,*,*,*,*,*,*,*,*,*,*,*,*,"[1, 12[","[19, 422[","[5, 13[","[1, 18[",*,*,*,*,*,*,*,*,*,*,"[7, 8[",True,False
*,*,*,*,*,*,*,*,*,*,*,*,{white},nonhispanic,M,*,*,*,*,*,*,*,*,*,*,*,*,*,"[1, 12[","[19, 422[","[1, 5[","[1, 18[",*,*,*,*,*,*,*,*,*,*,"[6, 7[",False,False
*,*,*,*,*,*,*,*,*,*,*,*,{white},nonhispanic,F,*,*,*,*,*,*,*,*,*,*,*,*,*,"[1, 12[","[19, 422[","[5, 13[","[1, 18[",*,*,*,*,*,*,*,*,*,*,"[8, 10[",True,True
*,*,*,*,*,*,*,*,*,*,*,*,{white},nonhispanic,M,*,*,*,*,*,*,*,*,*,*,*,*,*,"[1, 12[","[19, 422[","[1, 5[","[1, 18[",*,*,*,*,*,*,*,*,*,*,"[6, 7[",False,True
*,*,*,*,*,*,*,*,*,*,*,*,{white},hispanic,F,*,*,*,*,*,*,*,*,*,*,*,*,*,"[1, 12[","[19, 422[","[5, 13[","[1, 18[",*,*,*,*,*,*,*,*,*,*,"[7, 8[",True,True
*,*,*,*,*,*,*,*,*,*,*,*,{white},nonhispanic,M,*,*,*,*,*,*,*,*,*,*,*,*,*,"[1, 12[","[19, 422[","[5, 13[","[1, 18[",*,*,*,*,*,*,*,*,*,*,"[7, 8[",True,True
*,*,*,*,*,*,*,*,*,*,*,*,"{asian, black, hawaiian, other}",nonhispanic,M,*,*,*,*,*,*,*,*,*,*,*,*,*,"[1, 12[","[19, 422[","[5, 13[","[1, 18[",*,*,*,*,*,*,*,*,*,*,"[7, 8[",True,True
*,*,*,*,*,*,*,*,*,*,*,*,{white},nonhispanic,F,*,*,*,*,*,*,*,*,*,*,*,*,*,"[1, 12[","[19, 422[","[5, 13[","[1, 18[",*,*,*,*,*,*,*,*,*,*,"[7, 8[",True,True
*,*,*,*,*,*,*,*,*,*,*,*,{white},nonhispanic,F,*,*,*,*,*,*,*,*,*,*,*,*,*,"[1, 12[","[19, 422[","[5, 13[","[1, 18[",*,*,*,*,*,*,*,*,*,*,"[7, 8[",True,True
*,*,*,*,*,*,*,*,*,*,*,*,{white},nonhispanic,M,*,*,*,*,*,*,*,*,*,*,*,*,*,"[1, 12[","[19, 422[","[5, 13[","[1, 18[",*,*,*,*,*,*,*,*,*,*,"[7, 8[",True,True
*,*,*,*,*,*,*,*,*,*,*,*,*,*,*,*,*,*,*,*,*,*,*,*,*,*,*,*,*,*,*,*,*,*,*,*,*,*,*,*,*,*,*,*,*
*,*,*,*,*,*,*,*,*,*,*,*,*,*,*,*,*,*,*,*,*,*,*,*,*,*,*,*,*,*,*,*,*,*,*,*,*,*,*,*,*,*,*,*,*
*,*,*,*,*,*,*,*,*,*,*,*,{white},nonhispanic,M,*,*,*,*,*,*,*,*,*,*,*,*,*,"[1, 12[","[19, 422[","[5, 13[","[1, 18[",*,*,*,*,*,*,*,*,*,*,"[7, 8[",True,False
*,*,*,*,*,*,*,*,*,*,*,*,{white},nonhispanic,M,*,*,*,*,*,*,*,*,*,*,*,*,*,"[1, 12[","[19, 422[","[1, 5[","[1, 18[",*,*,*,*,*,*,*,*,*,*,"[7, 8[",False,True
*,*,*,*,*,*,*,*,*,*,*,*,{white},nonhispanic,M,*,*,*,*,*,*,*,*,*,*,*,*,*,"[1, 12[","[19, 422[","[1, 5[","[1, 18[",*,*,*,*,*,*,*,*,*,*,"[7, 8[",False,True
*,*,*,*,*,*,*,*,*,*,*,*,{white},nonhispanic,F,*,*,*,*,*,*,*,*,*,*,*,*,*,"[1, 12[","[19, 422[","[1, 5[","[1, 18[",*,*,*,*,*,*,*,*,*,*,"[6, 7[",False,False
*,*,*,*,*,*,*,*,*,*,*,*,{white},nonhispanic,M,*,*,*,*,*,*,*,*,*,*,*,*,*,"[1, 12[","[19, 422[","[1, 5[","[1, 18[",*,*,*,*,*,*,*,*,*,*,"[7, 8[",False,True
*,*,*,*,*,*,*,*,*,*,*,*,"{asian, black, hawaiian, other}",nonhispanic,F,*,*,*,*,*,*,*,*,*,*,*,*,*,"[1, 12[","[19, 422[","[5, 13[","[1, 18[",*,*,*,*,*,*,*,*,*,*,"[7, 8[",True,True
*,*,*,*,*,*,*,*,*,*,*,*,*,*,*,*,*,*,*,*,*,*,*,*,*,*,*,*,*,*,*,*,*,*,*,*,*,*,*,*,*,*,*,*,*
*,*,*,*,*,*,*,*,*,*,*,*,{white},nonhispanic,F,*,*,*,*,*,*,*,*,*,*,*,*,*,"[1, 12[","[19, 422[","[1, 5[","[1, 18[",*,*,*,*,*,*,*,*,*,*,"[7, 8[",False,True
*,*,*,*,*,*,*,*,*,*,*,*,{white},nonhispanic,M,*,*,*,*,*,*,*,*,*,*,*,*,*,"[1, 12[","[19, 422[","[5, 13[","[1, 18[",*,*,*,*,*,*,*,*,*,*,"[6, 7[",True,False
*,*,*,*,*,*,*,*,*,*,*,*,{white},nonhispanic,F,*,*,*,*,*,*,*,*,*,*,*,*,*,"[1, 12[","[19, 422[","[5, 13[","[1, 18[",*,*,*,*,*,*,*,*,*,*,"[8, 10[",True,True
*,*,*,*,*,*,*,*,*,*,*,*,{white},nonhispanic,M,*,*,*,*,*,*,*,*,*,*,*,*,*,"[1, 12[","[19, 422[","[5, 13[","[1, 18[",*,*,*,*,*,*,*,*,*,*,"[7, 8[",True,True
*,*,*,*,*,*,*,*,*,*,*,*,"{asian, black, hawaiian, other}",nonhispanic,F,*,*,*,*,*,*,*,*,*,*,*,*,*,"[1, 12[","[19, 422[","[1, 5[","[1, 18[",*,*,*,*,*,*,*,*,*,*,"[7, 8[",False,True
*,*,*,*,*,*,*,*,*,*,*,*,{white},nonhispanic,M,*,*,*,*,*,*,*,*,*,*,*,*,*,"[1, 12[","[19, 422[","[1, 5[","[1, 18[",*,*,*,*,*,*,*,*,*,*,"[6, 7[",False,False
*,*,*,*,*,*,*,*,*,*,*,*,{white},nonhispanic,F,*,*,*,*,*,*,*,*,*,*,*,*,*,"[1, 12[","[19, 422[","[5, 13[","[1, 18[",*,*,*,*,*,*,*,*,*,*,"[6, 7[",True,False
*,*,*,*,*,*,*,*,*,*,*,*,{white},nonhispanic,F,*,*,*,*,*,*,*,*,*,*,*,*,*,"[1, 12[","[19, 422[","[1, 5[","[1, 18[",*,*,*,*,*,*,*,*,*,*,"[6, 7[",False,False
*,*,*,*,*,*,*,*,*,*,*,*,{white},nonhispanic,F,*,*,*,*,*,*,*,*,*,*,*,*,*,"[1, 12[","[19, 422[","[5, 13[","[1, 18[",*,*,*,*,*,*,*,*,*,*,"[6, 7[",True,False
*,*,*,*,*,*,*,*,*,*,*,*,{white},nonhispanic,F,*,*,*,*,*,*,*,*,*,*,*,*,*,"[1, 12[","[19, 422[","[5, 13[","[1, 18[",*,*,*,*,*,*,*,*,*,*,"[4.951, 6[",True,False
*,*,*,*,*,*,*,*,*,*,*,*,{white},nonhispanic,F,*,*,*,*,*,*,*,*,*,*,*,*,*,"[1, 12[","[19, 422[","[1, 5[","[1, 18[",*,*,*,*,*,*,*,*,*,*,"[7, 8[",False,True
*,*,*,*,*,*,*,*,*,*,*,*,{white},nonhispanic,F,*,*,*,*,*,*,*,*,*,*,*,*,*,"[1, 12[","[19, 422[","[5, 13[","[1, 18[",*,*,*,*,*,*,*,*,*,*,"[8, 10[",True,True
*,*,*,*,*,*,*,*,*,*,*,*,*,*,*,*,*,*,*,*,*,*,*,*,*,*,*,*,*,*,*,*,*,*,*,*,*,*,*,*,*,*,*,*,*
*,*,*,*,*,*,*,*,*,*,*,*,{white},nonhispanic,M,*,*,*,*,*,*,*,*,*,*,*,*,*,"[1, 12[","[19, 422[","[1, 5[","[1, 18[",*,*,*,*,*,*,*,*,*,*,"[6, 7[",False,False
*,*,*,*,*,*,*,*,*,*,*,*,{white},nonhispanic,M,*,*,*,*,*,*,*,*,*,*,*,*,*,"[1, 12[","[19, 422[","[1, 5[","[1, 18[",*,*,*,*,*,*,*,*,*,*,"[7, 8[",False,True
*,*,*,*,*,*,*,*,*,*,*,*,{white},nonhispanic,F,*,*,*,*,*,*,*,*,*,*,*,*,*,"[1, 12[","[19, 422[","[1, 5[","[1, 18[",*,*,*,*,*,*,*,*,*,*,"[6, 7[",False,False
*,*,*,*,*,*,*,*,*,*,*,*,{white},nonhispanic,F,*,*,*,*,*,*,*,*,*,*,*,*,*,"[1, 12[","[19, 422[","[1, 5[","[1, 18[",*,*,*,*,*,*,*,*,*,*,"[6, 7[",False,False
*,*,*,*,*,*,*,*,*,*,*,*,{white},nonhispanic,F,*,*,*,*,*,*,*,*,*,*,*,*,*,"[1, 12[","[19, 422[","[5, 13[","[1, 18[",*,*,*,*,*,*,*,*,*,*,"[7, 8[",True,True
*,*,*,*,*,*,*,*,*,*,*,*,*,*,*,*,*,*,*,*,*,*,*,*,*,*,*,*,*,*,*,*,*,*,*,*,*,*,*,*,*,*,*,*,*
*,*,*,*,*,*,*,*,*,*,*,*,*,*,*,*,*,*,*,*,*,*,*,*,*,*,*,*,*,*,*,*,*,*,*,*,*,*,*,*,*,*,*,*,*
*,*,*,*,*,*,*,*,*,*,*,*,*,*,*,*,*,*,*,*,*,*,*,*,*,*,*,*,*,*,*,*,*,*,*,*,*,*,*,*,*,*,*,*,*
*,*,*,*,*,*,*,*,*,*,*,*,{white},nonhispanic,F,*,*,*,*,*,*,*,*,*,*,*,*,*,"[1, 12[","[19, 422[","[1, 5[","[1, 18[",*,*,*,*,*,*,*,*,*,*,"[7, 8[",False,True
*,*,*,*,*,*,*,*,*,*,*,*,{white},nonhispanic,M,*,*,*,*,*,*,*,*,*,*,*,*,*,"[1, 12[","[19, 422[","[5, 13[","[1, 18[",*,*,*,*,*,*,*,*,*,*,"[7, 8[",True,True
*,*,*,*,*,*,*,*,*,*,*,*,"{asian, black, hawaiian, other}",nonhispanic,F,*,*,*,*,*,*,*,*,*,*,*,*,*,"[1, 12[","[19, 422[","[1, 5[","[1, 18[",*,*,*,*,*,*,*,*,*,*,"[6, 7[",False,False
*,*,*,*,*,*,*,*,*,*,*,*,{white},nonhispanic,F,*,*,*,*,*,*,*,*,*,*,*,*,*,"[1, 12[","[19, 422[","[5, 13[","[1, 18[",*,*,*,*,*,*,*,*,*,*,"[7, 8[",True,True
*,*,*,*,*,*,*,*,*,*,*,*,{white},nonhispanic,F,*,*,*,*,*,*,*,*,*,*,*,*,*,"[1, 12[","[19, 422[","[1, 5[","[1, 18[",*,*,*,*,*,*,*,*,*,*,"[6, 7[",False,False
*,*,*,*,*,*,*,*,*,*,*,*,"{asian, black, hawaiian, other}",nonhispanic,F,*,*,*,*,*,*,*,*,*,*,*,*,*,"[1, 12[","[19, 422[","[1, 5[","[1, 18[",*,*,*,*,*,*,*,*,*,*,"[6, 7[",False,True
*,*,*,*,*,*,*,*,*,*,*,*,{white},nonhispanic,M,*,*,*,*,*,*,*,*,*,*,*,*,*,"[1, 12[","[19, 422[","[1, 5[","[1, 18[",*,*,*,*,*,*,*,*,*,*,"[6, 7[",False,False
*,*,*,*,*,*,*,*,*,*,*,*,{white},nonhispanic,M,*,*,*,*,*,*,*,*,*,*,*,*,*,"[1, 12[","[19, 422[","[1, 5[","[1, 18[",*,*,*,*,*,*,*,*,*,*,"[7, 8[",False,True
*,*,*,*,*,*,*,*,*,*,*,*,{white},nonhispanic,F,*,*,*,*,*,*,*,*,*,*,*,*,*,"[1, 12[","[19, 422[","[1, 5[","[1, 18[",*,*,*,*,*,*,*,*,*,*,"[7, 8[",False,True
*,*,*,*,*,*,*,*,*,*,*,*,{white},nonhispanic,M,*,*,*,*,*,*,*,*,*,*,*,*,*,"[1, 12[","[19, 422[","[1, 5[","[1, 18[",*,*,*,*,*,*,*,*,*,*,"[6, 7[",False,False
*,*,*,*,*,*,*,*,*,*,*,*,*,*,*,*,*,*,*,*,*,*,*,*,*,*,*,*,*,*,*,*,*,*,*,*,*,*,*,*,*,*,*,*,*
*,*,*,*,*,*,*,*,*,*,*,*,{white},nonhispanic,M,*,*,*,*,*,*,*,*,*,*,*,*,*,"[1, 12[","[19, 422[","[1, 5[","[1, 18[",*,*,*,*,*,*,*,*,*,*,"[6, 7[",False,True
*,*,*,*,*,*,*,*,*,*,*,*,*,*,*,*,*,*,*,*,*,*,*,*,*,*,*,*,*,*,*,*,*,*,*,*,*,*,*,*,*,*,*,*,*
*,*,*,*,*,*,*,*,*,*,*,*,{white},nonhispanic,M,*,*,*,*,*,*,*,*,*,*,*,*,*,"[1, 12[","[19, 422[","[1, 5[","[1, 18[",*,*,*,*,*,*,*,*,*,*,"[6, 7[",False,False
*,*,*,*,*,*,*,*,*,*,*,*,{white},nonhispanic,M,*,*,*,*,*,*,*,*,*,*,*,*,*,"[1, 12[","[19, 422[","[1, 5[","[1, 18[",*,*,*,*,*,*,*,*,*,*,"[6, 7[",False,False
*,*,*,*,*,*,*,*,*,*,*,*,{white},hispanic,F,*,*,*,*,*,*,*,*,*,*,*,*,*,"[1, 12[","[19, 422[","[1, 5[","[1, 18[",*,*,*,*,*,*,*,*,*,*,"[6, 7[",False,False
*,*,*,*,*,*,*,*,*,*,*,*,{white},hispanic,F,*,*,*,*,*,*,*,*,*,*,*,*,*,"[1, 12[","[19, 422[","[1, 5[","[1, 18[",*,*,*,*,*,*,*,*,*,*,"[7, 8[",False,True
*,*,*,*,*,*,*,*,*,*,*,*,{white},nonhispanic,F,*,*,*,*,*,*,*,*,*,*,*,*,*,"[1, 12[","[19, 422[","[1, 5[","[1, 18[",*,*,*,*,*,*,*,*,*,*,"[7, 8[",False,True
*,*,*,*,*,*,*,*,*,*,*,*,{white},hispanic,F,*,*,*,*,*,*,*,*,*,*,*,*,*,"[1, 12[","[19, 422[","[1, 5[","[1, 18[",*,*,*,*,*,*,*,*,*,*,"[6, 7[",False,False
*,*,*,*,*,*,*,*,*,*,*,*,{white},nonhispanic,F,*,*,*,*,*,*,*,*,*,*,*,*,*,"[1, 12[","[19, 422[","[1, 5[","[1, 18[",*,*,*,*,*,*,*,*,*,*,"[4.951, 6[",False,False
*,*,*,*,*,*,*,*,*,*,*,*,*,*,*,*,*,*,*,*,*,*,*,*,*,*,*,*,*,*,*,*,*,*,*,*,*,*,*,*,*,*,*,*,*
*,*,*,*,*,*,*,*,*,*,*,*,{white},nonhispanic,F,*,*,*,*,*,*,*,*,*,*,*,*,*,"[1, 12[","[19, 422[","[5, 13[","[1, 18[",*,*,*,*,*,*,*,*,*,*,"[7, 8[",True,True
*,*,*,*,*,*,*,*,*,*,*,*,{white},nonhispanic,F,*,*,*,*,*,*,*,*,*,*,*,*,*,"[1, 12[","[19, 422[","[1, 5[","[1, 18[",*,*,*,*,*,*,*,*,*,*,"[6, 7[",False,False
*,*,*,*,*,*,*,*,*,*,*,*,{white},nonhispanic,M,*,*,*,*,*,*,*,*,*,*,*,*,*,"[1, 12[","[19, 422[","[1, 5[","[1, 18[",*,*,*,*,*,*,*,*,*,*,"[6, 7[",False,True
*,*,*,*,*,*,*,*,*,*,*,*,{white},nonhispanic,F,*,*,*,*,*,*,*,*,*,*,*,*,*,"[1, 12[","[19, 422[","[1, 5[","[1, 18[",*,*,*,*,*,*,*,*,*,*,"[7, 8[",False,True
*,*,*,*,*,*,*,*,*,*,*,*,{white},nonhispanic,M,*,*,*,*,*,*,*,*,*,*,*,*,*,"[1, 12[","[19, 422[","[1, 5[","[1, 18[",*,*,*,*,*,*,*,*,*,*,"[6, 7[",False,False
*,*,*,*,*,*,*,*,*,*,*,*,{white},nonhispanic,M,*,*,*,*,*,*,*,*,*,*,*,*,*,"[1, 12[","[19, 422[","[1, 5[","[1, 18[",*,*,*,*,*,*,*,*,*,*,"[7, 8[",False,True
*,*,*,*,*,*,*,*,*,*,*,*,*,*,*,*,*,*,*,*,*,*,*,*,*,*,*,*,*,*,*,*,*,*,*,*,*,*,*,*,*,*,*,*,*
*,*,*,*,*,*,*,*,*,*,*,*,{white},nonhispanic,F,*,*,*,*,*,*,*,*,*,*,*,*,*,"[1, 12[","[19, 422[","[1, 5[","[1, 18[",*,*,*,*,*,*,*,*,*,*,"[6, 7[",False,False
*,*,*,*,*,*,*,*,*,*,*,*,{white},nonhispanic,F,*,*,*,*,*,*,*,*,*,*,*,*,*,"[1, 12[","[19, 422[","[5, 13[","[1, 18[",*,*,*,*,*,*,*,*,*,*,"[6, 7[",True,False
*,*,*,*,*,*,*,*,*,*,*,*,{white},nonhispanic,M,*,*,*,*,*,*,*,*,*,*,*,*,*,"[1, 12[","[19, 422[","[5, 13[","[1, 18[",*,*,*,*,*,*,*,*,*,*,"[7, 8[",True,False
*,*,*,*,*,*,*,*,*,*,*,*,{white},hispanic,F,*,*,*,*,*,*,*,*,*,*,*,*,*,"[1, 12[","[19, 422[","[1, 5[","[1, 18[",*,*,*,*,*,*,*,*,*,*,"[7, 8[",False,True
*,*,*,*,*,*,*,*,*,*,*,*,{white},nonhispanic,M,*,*,*,*,*,*,*,*,*,*,*,*,*,"[1, 12[","[19, 422[","[5, 13[","[1, 18[",*,*,*,*,*,*,*,*,*,*,"[7, 8[",True,True
*,*,*,*,*,*,*,*,*,*,*,*,{white},nonhispanic,F,*,*,*,*,*,*,*,*,*,*,*,*,*,"[1, 12[","[19, 422[","[1, 5[","[1, 18[",*,*,*,*,*,*,*,*,*,*,"[6, 7[",False,False
*,*,*,*,*,*,*,*,*,*,*,*,"{asian, black, hawaiian, other}",nonhispanic,F,*,*,*,*,*,*,*,*,*,*,*,*,*,"[1, 12[","[19, 422[","[1, 5[","[1, 18[",*,*,*,*,*,*,*,*,*,*,"[6, 7[",False,True
*,*,*,*,*,*,*,*,*,*,*,*,{white},nonhispanic,M,*,*,*,*,*,*,*,*,*,*,*,*,*,"[1, 12[","[19, 422[","[5, 13[","[1, 18[",*,*,*,*,*,*,*,*,*,*,"[7, 8[",True,True
*,*,*,*,*,*,*,*,*,*,*,*,"{asian, black, hawaiian, other}",nonhispanic,F,*,*,*,*,*,*,*,*,*,*,*,*,*,"[1, 12[","[19, 422[","[1, 5[","[1, 18[",*,*,*,*,*,*,*,*,*,*,"[4.951, 6[",False,False
*,*,*,*,*,*,*,*,*,*,*,*,{white},nonhispanic,F,*,*,*,*,*,*,*,*,*,*,*,*,*,"[1, 12[","[19, 422[","[1, 5[","[1, 18[",*,*,*,*,*,*,*,*,*,*,"[6, 7[",False,False
*,*,*,*,*,*,*,*,*,*,*,*,{white},nonhispanic,F,*,*,*,*,*,*,*,*,*,*,*,*,*,"[1, 12[","[19, 422[","[1, 5[","[1, 18[",*,*,*,*,*,*,*,*,*,*,"[6, 7[",False,False
*,*,*,*,*,*,*,*,*,*,*,*,"{asian, black, hawaiian, other}",nonhispanic,F,*,*,*,*,*,*,*,*,*,*,*,*,*,"[1, 12[","[19, 422[","[1, 5[","[1, 18[",*,*,*,*,*,*,*,*,*,*,"[6, 7[",False,False
*,*,*,*,*,*,*,*,*,*,*,*,{white},nonhispanic,F,*,*,*,*,*,*,*,*,*,*,*,*,*,"[1, 12[","[19, 422[","[5, 13[","[1, 18[",*,*,*,*,*,*,*,*,*,*,"[7, 8[",True,True
*,*,*,*,*,*,*,*,*,*,*,*,{white},hispanic,F,*,*,*,*,*,*,*,*,*,*,*,*,*,"[1, 12[","[19, 422[","[5, 13[","[1, 18[",*,*,*,*,*,*,*,*,*,*,"[7, 8[",True,True
*,*,*,*,*,*,*,*,*,*,*,*,{white},nonhispanic,F,*,*,*,*,*,*,*,*,*,*,*,*,*,"[1, 12[","[19, 422[","[5, 13[","[1, 18[",*,*,*,*,*,*,*,*,*,*,"[7, 8[",True,True
*,*,*,*,*,*,*,*,*,*,*,*,{white},nonhispanic,F,*,*,*,*,*,*,*,*,*,*,*,*,*,"[1, 12[","[19, 422[","[1, 5[","[1, 18[",*,*,*,*,*,*,*,*,*,*,"[6, 7[",False,False
*,*,*,*,*,*,*,*,*,*,*,*,{white},nonhispanic,M,*,*,*,*,*,*,*,*,*,*,*,*,*,"[1, 12[","[19, 422[","[1, 5[","[1, 18[",*,*,*,*,*,*,*,*,*,*,"[6, 7[",False,False
*,*,*,*,*,*,*,*,*,*,*,*,{white},nonhispanic,F,*,*,*,*,*,*,*,*,*,*,*,*,*,"[1, 12[","[19, 422[","[1, 5[","[1, 18[",*,*,*,*,*,*,*,*,*,*,"[6, 7[",False,True
*,*,*,*,*,*,*,*,*,*,*,*,{white},nonhispanic,F,*,*,*,*,*,*,*,*,*,*,*,*,*,"[1, 12[","[19, 422[","[5, 13[","[1, 18[",*,*,*,*,*,*,*,*,*,*,"[7, 8[",True,True
*,*,*,*,*,*,*,*,*,*,*,*,"{asian, black, hawaiian, other}",nonhispanic,F,*,*,*,*,*,*,*,*,*,*,*,*,*,"[1, 12[","[19, 422[","[1, 5[","[1, 18[",*,*,*,*,*,*,*,*,*,*,"[6, 7[",False,False
*,*,*,*,*,*,*,*,*,*,*,*,{white},nonhispanic,M,*,*,*,*,*,*,*,*,*,*,*,*,*,"[1, 12[","[19, 422[","[1, 5[","[1, 18[",*,*,*,*,*,*,*,*,*,*,"[4.951, 6[",False,False
*,*,*,*,*,*,*,*,*,*,*,*,{white},nonhispanic,M,*,*,*,*,*,*,*,*,*,*,*,*,*,"[1, 12[","[19, 422[","[5, 13[","[1, 18[",*,*,*,*,*,*,*,*,*,*,"[7, 8[",True,True
*,*,*,*,*,*,*,*,*,*,*,*,{white},nonhispanic,F,*,*,*,*,*,*,*,*,*,*,*,*,*,"[1, 12[","[19, 422[","[1, 5[","[1, 18[",*,*,*,*,*,*,*,*,*,*,"[6, 7[",False,True
*,*,*,*,*,*,*,*,*,*,*,*,{white},nonhispanic,M,*,*,*,*,*,*,*,*,*,*,*,*,*,"[1, 12[","[19, 422[","[5, 13[","[1, 18[",*,*,*,*,*,*,*,*,*,*,"[6, 7[",True,False
*,*,*,*,*,*,*,*,*,*,*,*,"{asian, black, hawaiian, other}",nonhispanic,M,*,*,*,*,*,*,*,*,*,*,*,*,*,"[1, 12[","[19, 422[","[1, 5[","[1, 18[",*,*,*,*,*,*,*,*,*,*,"[7, 8[",False,True
*,*,*,*,*,*,*,*,*,*,*,*,*,*,*,*,*,*,*,*,*,*,*,*,*,*,*,*,*,*,*,*,*,*,*,*,*,*,*,*,*,*,*,*,*
*,*,*,*,*,*,*,*,*,*,*,*,{white},nonhispanic,M,*,*,*,*,*,*,*,*,*,*,*,*,*,"[1, 12[","[19, 422[","[5, 13[","[1, 18[",*,*,*,*,*,*,*,*,*,*,"[6, 7[",True,False
*,*,*,*,*,*,*,*,*,*,*,*,"{asian, black, hawaiian, other}",nonhispanic,F,*,*,*,*,*,*,*,*,*,*,*,*,*,"[1, 12[","[19, 422[","[1, 5[","[1, 18[",*,*,*,*,*,*,*,*,*,*,"[6, 7[",False,True
*,*,*,*,*,*,*,*,*,*,*,*,"{asian, black, hawaiian, other}",nonhispanic,M,*,*,*,*,*,*,*,*,*,*,*,*,*,"[1, 12[","[19, 422[","[5, 13[","[1, 18[",*,*,*,*,*,*,*,*,*,*,"[7, 8[",True,True
*,*,*,*,*,*,*,*,*,*,*,*,{white},nonhispanic,M,*,*,*,*,*,*,*,*,*,*,*,*,*,"[1, 12[","[19, 422[","[1, 5[","[1, 18[",*,*,*,*,*,*,*,*,*,*,"[7, 8[",False,True
*,*,*,*,*,*,*,*,*,*,*,*,{white},nonhispanic,F,*,*,*,*,*,*,*,*,*,*,*,*,*,"[1, 12[","[19, 422[","[1, 5[","[1, 18[",*,*,*,*,*,*,*,*,*,*,"[6, 7[",False,False
*,*,*,*,*,*,*,*,*,*,*,*,{white},nonhispanic,M,*,*,*,*,*,*,*,*,*,*,*,*,*,"[1, 12[","[19, 422[","[1, 5[","[1, 18[",*,*,*,*,*,*,*,*,*,*,"[6, 7[",False,False
*,*,*,*,*,*,*,*,*,*,*,*,{white},hispanic,M,*,*,*,*,*,*,*,*,*,*,*,*,*,"[1, 12[","[19, 422[","[5, 13[","[1, 18[",*,*,*,*,*,*,*,*,*,*,"[7, 8[",True,True
*,*,*,*,*,*,*,*,*,*,*,*,{white},nonhispanic,M,*,*,*,*,*,*,*,*,*,*,*,*,*,"[1, 12[","[19, 422[","[1, 5[","[1, 18[",*,*,*,*,*,*,*,*,*,*,"[6, 7[",False,False
*,*,*,*,*,*,*,*,*,*,*,*,{white},nonhispanic,F,*,*,*,*,*,*,*,*,*,*,*,*,*,"[1, 12[","[19, 422[","[1, 5[","[1, 18[",*,*,*,*,*,*,*,*,*,*,"[7, 8[",False,True
*,*,*,*,*,*,*,*,*,*,*,*,{white},nonhispanic,M,*,*,*,*,*,*,*,*,*,*,*,*,*,"[1, 12[","[19, 422[","[5, 13[","[1, 18[",*,*,*,*,*,*,*,*,*,*,"[7, 8[",True,True
*,*,*,*,*,*,*,*,*,*,*,*,"{asian, black, hawaiian, other}",nonhispanic,F,*,*,*,*,*,*,*,*,*,*,*,*,*,"[1, 12[","[19, 422[","[1, 5[","[1, 18[",*,*,*,*,*,*,*,*,*,*,"[4.951, 6[",False,False
*,*,*,*,*,*,*,*,*,*,*,*,"{asian, black, hawaiian, other}",nonhispanic,M,*,*,*,*,*,*,*,*,*,*,*,*,*,"[1, 12[","[19, 422[","[1, 5[","[1, 18[",*,*,*,*,*,*,*,*,*,*,"[4.951, 6[",False,False
*,*,*,*,*,*,*,*,*,*,*,*,{white},nonhispanic,F,*,*,*,*,*,*,*,*,*,*,*,*,*,"[1, 12[","[19, 422[","[5, 13[","[1, 18[",*,*,*,*,*,*,*,*,*,*,"[7, 8[",True,True
*,*,*,*,*,*,*,*,*,*,*,*,{white},nonhispanic,F,*,*,*,*,*,*,*,*,*,*,*,*,*,"[1, 12[","[19, 422[","[5, 13[","[1, 18[",*,*,*,*,*,*,*,*,*,*,"[8, 10[",True,True
*,*,*,*,*,*,*,*,*,*,*,*,{white},nonhispanic,M,*,*,*,*,*,*,*,*,*,*,*,*,*,"[1, 12[","[19, 422[","[1, 5[","[1, 18[",*,*,*,*,*,*,*,*,*,*,"[6, 7[",False,False
*,*,*,*,*,*,*,*,*,*,*,*,{white},hispanic,F,*,*,*,*,*,*,*,*,*,*,*,*,*,"[1, 12[","[19, 422[","[1, 5[","[1, 18[",*,*,*,*,*,*,*,*,*,*,"[6, 7[",False,False
*,*,*,*,*,*,*,*,*,*,*,*,{white},nonhispanic,M,*,*,*,*,*,*,*,*,*,*,*,*,*,"[1, 12[","[19, 422[","[5, 13[","[1, 18[",*,*,*,*,*,*,*,*,*,*,"[6, 7[",True,False
*,*,*,*,*,*,*,*,*,*,*,*,{white},nonhispanic,F,*,*,*,*,*,*,*,*,*,*,*,*,*,"[1, 12[","[19, 422[","[5, 13[","[1, 18[",*,*,*,*,*,*,*,*,*,*,"[8, 10[",True,True
*,*,*,*,*,*,*,*,*,*,*,*,{white},nonhispanic,M,*,*,*,*,*,*,*,*,*,*,*,*,*,"[1, 12[","[19, 422[","[5, 13[","[1, 18[",*,*,*,*,*,*,*,*,*,*,"[7, 8[",True,True
*,*,*,*,*,*,*,*,*,*,*,*,{white},nonhispanic,M,*,*,*,*,*,*,*,*,*,*,*,*,*,"[1, 12[","[19, 422[","[1, 5[","[1, 18[",*,*,*,*,*,*,*,*,*,*,"[6, 7[",False,False
*,*,*,*,*,*,*,*,*,*,*,*,{white},nonhispanic,M,*,*,*,*,*,*,*,*,*,*,*,*,*,"[1, 12[","[19, 422[","[5, 13[","[1, 18[",*,*,*,*,*,*,*,*,*,*,"[7, 8[",True,True
*,*,*,*,*,*,*,*,*,*,*,*,{white},nonhispanic,F,*,*,*,*,*,*,*,*,*,*,*,*,*,"[1, 12[","[19, 422[","[1, 5[","[1, 18[",*,*,*,*,*,*,*,*,*,*,"[7, 8[",False,True
