County,Year,Measurement_avg pm25
Abington,2017,10.730194805194804
Abington,2018,9.430194805194805
Abington,2019,8.730194805194804
Abington,2020,8.230194805194804
Abington,2021,8.730194805194804
Abington,2022,7.930194805194805
Abington,2023,7.730194805194804
Abington,2024,6.530194805194805
Acton,2017,11.0
Acton,2018,10.0
Acton,2019,9.0
Acton,2020,8.5
Acton,2021,9.1
Acton,2022,8.6
Acton,2023,8.4
Acton,2024,7.8
Acushnet,2017,8.431249999999999
Acushnet,2018,7.83125
Acushnet,2019,6.9312499999999995
Acushnet,2020,6.53125
Acushnet,2021,7.1312500000000005
Acushnet,2022,6.23125
Acushnet,2023,6.23125
Acushnet,2024,5.33125
Adams,2017,10.021875000000001
Adams,2018,9.821874999999999
Adams,2019,8.921875
Adams,2020,8.421875
Adams,2021,8.821874999999999
Adams,2022,8.321874999999999
Adams,2023,8.321874999999999
Adams,2024,8.621875
Agawam,2017,11.367045454545455
Agawam,2018,10.567045454545454
Agawam,2019,9.267045454545455
Agawam,2020,8.667045454545455
Agawam,2021,10.067045454545454
Agawam,2022,8.767045454545455
Agawam,2023,8.767045454545455
Agawam,2024,8.267045454545455
Alford,2017,9.5
Alford,2018,8.9
Alford,2019,7.7
Alford,2020,7.4
Alford,2021,7.8
Alford,2022,7.2
Alford,2023,7.3
Alford,2024,7.5
Amesbury,2017,10.1
Amesbury,2018,9.5
Amesbury,2019,8.8
Amesbury,2020,8.2
Amesbury,2021,9.2
Amesbury,2022,8.6
Amesbury,2023,8.3
Amesbury,2024,7.3
Amherst,2017,10.740934065934066
Amherst,2018,9.940934065934066
Amherst,2019,8.840934065934066
Amherst,2020,8.340934065934066
Amherst,2021,9.440934065934066
Amherst,2022,8.540934065934065
Amherst,2023,8.440934065934066
Amherst,2024,8.140934065934065
Andover,2017,11.725000000000001
Andover,2018,10.524999999999999
Andover,2019,9.625
Andover,2020,9.225000000000001
Andover,2021,10.024999999999999
Andover,2022,9.425
Andover,2023,9.024999999999999
Andover,2024,8.125
Aquinnah,2017,7.9
Aquinnah,2018,8.2
Aquinnah,2019,7.4
Aquinnah,2020,7.1
Aquinnah,2021,7.4
Aquinnah,2022,6.7
Aquinnah,2023,6.8
Aquinnah,2024,5.8
Arlington,2017,10.8015
Arlington,2018,9.5015
Arlington,2019,8.7015
Arlington,2020,8.3015
Arlington,2021,8.8015
Arlington,2022,8.0015
Arlington,2023,7.601500000000001
Arlington,2024,6.5015
Ashburnham,2017,9.3
Ashburnham,2018,8.8
Ashburnham,2019,8.0
Ashburnham,2020,7.5
Ashburnham,2021,7.7
Ashburnham,2022,7.3
Ashburnham,2023,7.3
Ashburnham,2024,7.1
Ashby,2017,9.5
Ashby,2018,9.0
Ashby,2019,8.1
Ashby,2020,7.6
Ashby,2021,7.8
Ashby,2022,7.4
Ashby,2023,7.4
Ashby,2024,7.1
Ashfield,2017,9.2
Ashfield,2018,8.8
Ashfield,2019,7.9
Ashfield,2020,7.4
Ashfield,2021,8.0
Ashfield,2022,7.4
Ashfield,2023,7.4
Ashfield,2024,7.3
Ashland,2017,11.0
Ashland,2018,10.0
Ashland,2019,9.1
Ashland,2020,8.5
Ashland,2021,9.3
Ashland,2022,8.6
Ashland,2023,8.5
Ashland,2024,7.6
Athol,2017,9.361363636363636
Athol,2018,8.861363636363636
Athol,2019,7.961363636363636
Athol,2020,7.461363636363636
Athol,2021,7.961363636363636
Athol,2022,7.461363636363636
Athol,2023,7.461363636363636
Athol,2024,7.361363636363636
Attleboro,2017,9.771249999999998
Attleboro,2018,9.07125
Attleboro,2019,8.07125
Attleboro,2020,7.57125
Attleboro,2021,8.471250000000001
Attleboro,2022,7.47125
Attleboro,2023,7.371249999999999
Attleboro,2024,6.4712499999999995
Auburn,2017,10.5
Auburn,2018,9.7
Auburn,2019,8.7
Auburn,2020,8.1
Auburn,2021,9.0
Auburn,2022,8.2
Auburn,2023,8.2
Auburn,2024,7.3
Avon,2017,11.2
Avon,2018,10.0
Avon,2019,9.2
Avon,2020,8.7
Avon,2021,9.3
Avon,2022,8.4
Avon,2023,8.2
Avon,2024,7.0
Ayer,2017,9.367857142857144
Ayer,2018,8.567857142857143
Ayer,2019,7.567857142857142
Ayer,2020,7.067857142857142
Ayer,2021,7.567857142857142
Ayer,2022,7.167857142857142
Ayer,2023,6.9678571428571425
Ayer,2024,6.567857142857142
Barnstable,2017,8.138352272727273
Barnstable,2018,7.838352272727272
Barnstable,2019,7.0383522727272725
Barnstable,2020,6.738352272727273
Barnstable,2021,7.138352272727272
Barnstable,2022,6.438352272727272
Barnstable,2023,6.338352272727272
Barnstable,2024,5.638352272727272
Barre,2017,9.2875
Barre,2018,8.7875
Barre,2019,7.887499999999999
Barre,2020,7.2875
Barre,2021,7.887499999999999
Barre,2022,7.387499999999999
Barre,2023,7.387499999999999
Barre,2024,6.887499999999999
Becket,2017,9.0
Becket,2018,8.7
Becket,2019,7.7
Becket,2020,7.3
Becket,2021,7.7
Becket,2022,7.2
Becket,2023,7.3
Becket,2024,7.2
Bedford,2017,11.013636363636364
Bedford,2018,9.913636363636364
Bedford,2019,9.013636363636364
Bedford,2020,8.513636363636364
Bedford,2021,9.113636363636363
Bedford,2022,8.513636363636364
Bedford,2023,8.113636363636363
Bedford,2024,7.413636363636363
Belchertown,2017,9.76875
Belchertown,2018,9.06875
Belchertown,2019,7.96875
Belchertown,2020,7.36875
Belchertown,2021,8.46875
Belchertown,2022,7.668749999999999
Belchertown,2023,7.56875
Belchertown,2024,7.06875
Bellingham,2017,10.63090909090909
Bellingham,2018,9.930909090909092
Bellingham,2019,8.930909090909092
Bellingham,2020,8.330909090909092
Bellingham,2021,9.23090909090909
Bellingham,2022,8.430909090909092
Bellingham,2023,8.330909090909092
Bellingham,2024,7.33090909090909
Belmont,2017,11.287642045454545
Belmont,2018,9.987642045454544
Belmont,2019,9.187642045454545
Belmont,2020,8.787642045454545
Belmont,2021,9.287642045454545
Belmont,2022,8.487642045454544
Belmont,2023,8.087642045454546
Belmont,2024,6.987642045454546
Berkley,2017,10.2
Berkley,2018,9.4
Berkley,2019,8.5
Berkley,2020,8.0
Berkley,2021,8.7
Berkley,2022,7.8
Berkley,2023,7.7
Berkley,2024,6.8
Berlin,2017,10.5
Berlin,2018,9.7
Berlin,2019,8.7
Berlin,2020,8.2
Berlin,2021,8.9
Berlin,2022,8.3
Berlin,2023,8.2
Berlin,2024,7.5
Bernardston,2017,9.3
Bernardston,2018,8.9
Bernardston,2019,8.1
Bernardston,2020,7.5
Bernardston,2021,8.3
Bernardston,2022,7.6
Bernardston,2023,7.4
Bernardston,2024,7.7
Beverly,2017,9.7765625
Beverly,2018,8.876562499999999
Beverly,2019,8.076562500000001
Beverly,2020,7.6765625
Beverly,2021,8.4765625
Beverly,2022,7.7765625
Beverly,2023,7.476562500000001
Beverly,2024,6.4765625
Billerica,2017,11.271916666666666
Billerica,2018,10.071916666666667
Billerica,2019,9.171916666666666
Billerica,2020,8.671916666666666
Billerica,2021,9.371916666666666
Billerica,2022,8.671916666666666
Billerica,2023,8.371916666666666
Billerica,2024,7.671916666666667
Blackstone,2017,10.3
Blackstone,2018,9.7
Blackstone,2019,8.7
Blackstone,2020,8.2
Blackstone,2021,9.1
Blackstone,2022,8.2
Blackstone,2023,8.2
Blackstone,2024,7.2
Blandford,2017,9.3
Blandford,2018,8.9
Blandford,2019,7.8
Blandford,2020,7.3
Blandford,2021,7.9
Blandford,2022,7.3
Blandford,2023,7.5
Blandford,2024,7.2
Bolton,2017,10.300378787878788
Bolton,2018,9.500378787878788
Bolton,2019,8.500378787878788
Bolton,2020,7.900378787878787
Bolton,2021,8.600378787878789
Bolton,2022,8.100378787878789
Bolton,2023,7.900378787878787
Bolton,2024,7.400378787878787
Boston,2017,11.911481910946197
Boston,2018,10.511481910946197
Boston,2019,9.711481910946196
Boston,2020,9.311481910946197
Boston,2021,9.911481910946197
Boston,2022,8.911481910946197
Boston,2023,8.611481910946196
Boston,2024,7.311481910946196
Bourne,2017,8.35
Bourne,2018,7.950000000000001
Bourne,2019,7.050000000000001
Bourne,2020,6.75
Bourne,2021,7.15
Bourne,2022,6.449999999999999
Bourne,2023,6.35
Bourne,2024,5.550000000000001
Boxborough,2017,10.6
Boxborough,2018,9.7
Boxborough,2019,8.7
Boxborough,2020,8.2
Boxborough,2021,8.8
Boxborough,2022,8.4
Boxborough,2023,8.2
Boxborough,2024,7.7
Boxford,2017,10.7
Boxford,2018,9.7
Boxford,2019,8.9
Boxford,2020,8.4
Boxford,2021,9.4
Boxford,2022,8.7
Boxford,2023,8.3
Boxford,2024,7.4
Boylston,2017,10.4
Boylston,2018,9.6
Boylston,2019,8.6
Boylston,2020,8.1
Boylston,2021,8.8
Boylston,2022,8.2
Boylston,2023,8.1
Boylston,2024,7.4
Braintree,2017,11.013854166666667
Braintree,2018,9.713854166666668
Braintree,2019,9.013854166666667
Braintree,2020,8.513854166666667
Braintree,2021,9.013854166666667
Braintree,2022,8.113854166666666
Braintree,2023,7.813854166666667
Braintree,2024,6.613854166666666
Brewster,2017,8.2
Brewster,2018,8.2
Brewster,2019,7.5
Brewster,2020,7.1
Brewster,2021,7.4
Brewster,2022,6.8
Brewster,2023,6.7
Brewster,2024,6.1
Bridgewater,2017,10.7
Bridgewater,2018,9.6
Bridgewater,2019,8.8
Bridgewater,2020,8.3
Bridgewater,2021,8.9
Bridgewater,2022,8.1
Bridgewater,2023,7.9
Bridgewater,2024,6.9
Brimfield,2017,8.42142857142857
Brimfield,2018,7.821428571428571
Brimfield,2019,6.7214285714285715
Brimfield,2020,6.121428571428572
Brimfield,2021,6.921428571428571
Brimfield,2022,6.2214285714285715
Brimfield,2023,6.421428571428571
Brimfield,2024,5.5214285714285705
Brockton,2017,10.916051136363636
Brockton,2018,9.616051136363636
Brockton,2019,8.816051136363635
Brockton,2020,8.316051136363635
Brockton,2021,8.916051136363636
Brockton,2022,8.116051136363636
Brockton,2023,7.816051136363636
Brockton,2024,6.716051136363636
Brookfield,2017,9.9
Brookfield,2018,9.3
Brookfield,2019,8.2
Brookfield,2020,7.6
Brookfield,2021,8.4
Brookfield,2022,7.8
Brookfield,2023,7.9
Brookfield,2024,7.0
Brookline,2017,12.1
Brookline,2018,10.8
Brookline,2019,10.1
Brookline,2020,9.6
Brookline,2021,10.2
Brookline,2022,9.3
Brookline,2023,8.9
Brookline,2024,7.6
Buckland,2017,9.1
Buckland,2018,8.7
Buckland,2019,7.9
Buckland,2020,7.3
Buckland,2021,8.0
Buckland,2022,7.4
Buckland,2023,7.3
Buckland,2024,7.4
Burlington,2017,11.561363636363636
Burlington,2018,10.361363636363636
Burlington,2019,9.461363636363636
Burlington,2020,9.061363636363636
Burlington,2021,9.661363636363635
Burlington,2022,8.961363636363636
Burlington,2023,8.661363636363635
Burlington,2024,7.761363636363636
Cambridge,2017,11.258359375
Cambridge,2018,9.958359375
Cambridge,2019,9.158359375
Cambridge,2020,8.758359375
Cambridge,2021,9.358359375000001
Cambridge,2022,8.358359375000001
Cambridge,2023,8.058359375
Cambridge,2024,6.758359375
Canton,2017,11.3875
Canton,2018,10.0875
Canton,2019,9.2875
Canton,2020,8.7875
Canton,2021,9.3875
Canton,2022,8.5875
Canton,2023,8.2875
Canton,2024,6.9875
Carlisle,2017,11.0
Carlisle,2018,10.0
Carlisle,2019,9.0
Carlisle,2020,8.5
Carlisle,2021,9.2
Carlisle,2022,8.7
Carlisle,2023,8.4
Carlisle,2024,7.7
Carver,2017,9.5875
Carver,2018,8.8875
Carver,2019,8.0875
Carver,2020,7.6875
Carver,2021,8.1875
Carver,2022,7.387499999999999
Carver,2023,7.2875
Carver,2024,6.387499999999999
Charlemont,2017,8.6
Charlemont,2018,8.4
Charlemont,2019,7.6
Charlemont,2020,7.2
Charlemont,2021,7.5
Charlemont,2022,7.1
Charlemont,2023,7.1
Charlemont,2024,7.3
Charlton,2017,9.813636363636363
Charlton,2018,9.113636363636363
Charlton,2019,8.013636363636364
Charlton,2020,7.413636363636363
Charlton,2021,8.213636363636363
Charlton,2022,7.513636363636364
Charlton,2023,7.613636363636363
Charlton,2024,6.713636363636363
Chatham,2017,7.9
Chatham,2018,8.0
Chatham,2019,7.4
Chatham,2020,7.0
Chatham,2021,7.2
Chatham,2022,6.7
Chatham,2023,6.6
Chatham,2024,6.1
Chelmsford,2017,11.1
Chelmsford,2018,10.0
Chelmsford,2019,9.1
Chelmsford,2020,8.6
Chelmsford,2021,9.3
Chelmsford,2022,8.7
Chelmsford,2023,8.5
Chelmsford,2024,7.9
Chelsea,2017,10.867857142857144
Chelsea,2018,9.667857142857143
Chelsea,2019,8.867857142857144
Chelsea,2020,8.467857142857143
Chelsea,2021,8.967857142857143
Chelsea,2022,8.167857142857143
Chelsea,2023,7.767857142857143
Chelsea,2024,6.4678571428571425
Cheshire,2017,8.9
Cheshire,2018,8.6
Cheshire,2019,7.7
Cheshire,2020,7.3
Cheshire,2021,7.7
Cheshire,2022,7.2
Cheshire,2023,7.2
Cheshire,2024,7.3
Chester,2017,9.3
Chester,2018,8.9
Chester,2019,7.8
Chester,2020,7.3
Chester,2021,7.9
Chester,2022,7.3
Chester,2023,7.5
Chester,2024,7.2
Chesterfield,2017,9.2
Chesterfield,2018,8.8
Chesterfield,2019,7.9
Chesterfield,2020,7.4
Chesterfield,2021,7.9
Chesterfield,2022,7.4
Chesterfield,2023,7.4
Chesterfield,2024,7.2
Chicopee,2017,10.497727272727273
Chicopee,2018,9.697727272727272
Chicopee,2019,8.397727272727273
Chicopee,2020,7.8977272727272725
Chicopee,2021,9.197727272727272
Chicopee,2022,7.997727272727272
Chicopee,2023,7.997727272727272
Chicopee,2024,7.3977272727272725
Chilmark,2017,7.9
Chilmark,2018,8.2
Chilmark,2019,7.4
Chilmark,2020,7.1
Chilmark,2021,7.4
Chilmark,2022,6.7
Chilmark,2023,6.8
Chilmark,2024,5.8
Clarksburg,2017,8.6
Clarksburg,2018,8.4
Clarksburg,2019,7.5
Clarksburg,2020,7.1
Clarksburg,2021,7.5
Clarksburg,2022,7.0
Clarksburg,2023,7.0
Clarksburg,2024,7.3
Clinton,2017,9.069805194805195
Clinton,2018,8.269805194805194
Clinton,2019,7.269805194805194
Clinton,2020,6.769805194805194
Clinton,2021,7.469805194805195
Clinton,2022,6.869805194805194
Clinton,2023,6.769805194805194
Clinton,2024,6.169805194805194
Cohasset,2017,9.913636363636364
Cohasset,2018,9.013636363636364
Cohasset,2019,8.313636363636363
Cohasset,2020,8.013636363636364
Cohasset,2021,8.313636363636363
Cohasset,2022,7.713636363636363
Cohasset,2023,7.513636363636364
Cohasset,2024,6.413636363636363
Colrain,2017,8.6
Colrain,2018,8.4
Colrain,2019,7.6
Colrain,2020,7.2
Colrain,2021,7.5
Colrain,2022,7.1
Colrain,2023,7.1
Colrain,2024,7.3
Concord,2017,11.306249999999999
Concord,2018,10.20625
Concord,2019,9.306249999999999
Concord,2020,8.806249999999999
Concord,2021,9.40625
Concord,2022,8.806249999999999
Concord,2023,8.60625
Concord,2024,7.90625
Conway,2017,9.2
Conway,2018,8.8
Conway,2019,7.9
Conway,2020,7.4
Conway,2021,8.0
Conway,2022,7.4
Conway,2023,7.4
Conway,2024,7.3
Cummington,2017,8.9
Cummington,2018,8.6
Cummington,2019,7.7
Cummington,2020,7.2
Cummington,2021,7.6
Cummington,2022,7.2
Cummington,2023,7.2
Cummington,2024,7.2
Dalton,2017,7.725
Dalton,2018,7.424999999999999
Dalton,2019,6.5249999999999995
Dalton,2020,6.0249999999999995
Dalton,2021,6.5249999999999995
Dalton,2022,5.925
Dalton,2023,6.0249999999999995
Dalton,2024,6.0249999999999995
Danvers,2017,11.0
Danvers,2018,9.9
Danvers,2019,9.1
Danvers,2020,8.7
Danvers,2021,9.5
Danvers,2022,8.8
Danvers,2023,8.5
Danvers,2024,7.5
Dartmouth,2017,9.26
Dartmouth,2018,8.76
Dartmouth,2019,7.859999999999999
Dartmouth,2020,7.46
Dartmouth,2021,7.960000000000001
Dartmouth,2022,7.16
Dartmouth,2023,7.16
Dartmouth,2024,6.16
Dedham,2017,11.8
Dedham,2018,10.6
Dedham,2019,9.7
Dedham,2020,9.2
Dedham,2021,9.9
Dedham,2022,9.0
Dedham,2023,8.7
Dedham,2024,7.4
Deerfield,2017,9.6
Deerfield,2018,9.1
Deerfield,2019,8.1
Deerfield,2020,7.6
Deerfield,2021,8.5
Deerfield,2022,7.8
Deerfield,2023,7.6
Deerfield,2024,7.6
Dennis,2017,8.4
Dennis,2018,8.3
Dennis,2019,7.6
Dennis,2020,7.2
Dennis,2021,7.5
Dennis,2022,6.9
Dennis,2023,6.8
Dennis,2024,6.2
Dighton,2017,10.3
Dighton,2018,9.6
Dighton,2019,8.6
Dighton,2020,8.1
Dighton,2021,8.9
Dighton,2022,7.9
Dighton,2023,7.8
Dighton,2024,6.9
Douglas,2017,10.2
Douglas,2018,9.5
Douglas,2019,8.4
Douglas,2020,7.9
Douglas,2021,8.8
Douglas,2022,7.9
Douglas,2023,8.0
Douglas,2024,7.0
Dover,2017,11.3
Dover,2018,10.2
Dover,2019,9.3
Dover,2020,8.8
Dover,2021,9.5
Dover,2022,8.7
Dover,2023,8.5
Dover,2024,7.4
Dracut,2017,10.490097402597403
Dracut,2018,9.390097402597403
Dracut,2019,8.490097402597403
Dracut,2020,7.990097402597402
Dracut,2021,8.790097402597404
Dracut,2022,8.190097402597404
Dracut,2023,7.890097402597402
Dracut,2024,7.290097402597403
Dudley,2017,11.68125
Dudley,2018,10.88125
Dudley,2019,9.78125
Dudley,2020,9.181249999999999
Dudley,2021,9.98125
Dudley,2022,9.181249999999999
Dudley,2023,9.38125
Dudley,2024,8.28125
Dunstable,2017,10.5
Dunstable,2018,9.7
Dunstable,2019,8.7
Dunstable,2020,8.2
Dunstable,2021,8.8
Dunstable,2022,8.3
Dunstable,2023,8.1
Dunstable,2024,7.7
Duxbury,2017,9.8
Duxbury,2018,9.1
Duxbury,2019,8.3
Duxbury,2020,7.9
Duxbury,2021,8.3
Duxbury,2022,7.7
Duxbury,2023,7.5
Duxbury,2024,6.6
East Bridgewater,2017,10.97
East Bridgewater,2018,9.77
East Bridgewater,2019,8.97
East Bridgewater,2020,8.47
East Bridgewater,2021,9.07
East Bridgewater,2022,8.37
East Bridgewater,2023,8.07
East Bridgewater,2024,7.07
East Brookfield,2017,10.0
East Brookfield,2018,9.4
East Brookfield,2019,8.3
East Brookfield,2020,7.7
East Brookfield,2021,8.5
East Brookfield,2022,7.8
East Brookfield,2023,7.9
East Brookfield,2024,7.0
East Longmeadow,2017,10.9
East Longmeadow,2018,10.2
East Longmeadow,2019,8.9
East Longmeadow,2020,8.3
East Longmeadow,2021,9.6
East Longmeadow,2022,8.4
East Longmeadow,2023,8.4
East Longmeadow,2024,7.8
Eastham,2017,7.9
Eastham,2018,8.1
Eastham,2019,7.4
Eastham,2020,7.0
Eastham,2021,7.2
Eastham,2022,6.7
Eastham,2023,6.6
Eastham,2024,6.1
Easthampton,2017,9.23125
Easthampton,2018,8.431249999999999
Easthampton,2019,7.33125
Easthampton,2020,6.83125
Easthampton,2021,7.9312499999999995
Easthampton,2022,7.031249999999999
Easthampton,2023,6.9312499999999995
Easthampton,2024,6.53125
Easton,2017,10.8875
Easton,2018,9.6875
Easton,2019,8.7875
Easton,2020,8.2875
Easton,2021,8.987499999999999
Easton,2022,8.1875
Easton,2023,7.987499999999999
Easton,2024,6.887499999999999
Edgartown,2017,7.8
Edgartown,2018,8.1
Edgartown,2019,7.3
Edgartown,2020,7.0
Edgartown,2021,7.3
Edgartown,2022,6.7
Edgartown,2023,6.7
Edgartown,2024,5.9
Egremont,2017,9.5
Egremont,2018,8.9
Egremont,2019,7.7
Egremont,2020,7.4
Egremont,2021,7.8
Egremont,2022,7.2
Egremont,2023,7.3
Egremont,2024,7.5
Erving,2017,9.4
Erving,2018,8.9
Erving,2019,8.1
Erving,2020,7.5
Erving,2021,8.3
Erving,2022,7.6
Erving,2023,7.5
Erving,2024,7.6
Essex,2017,9.7
Essex,2018,9.2
Essex,2019,8.4
Essex,2020,8.0
Essex,2021,8.7
Essex,2022,8.2
Essex,2023,7.9
Essex,2024,7.0
Everett,2017,11.305
Everett,2018,10.104999999999999
Everett,2019,9.305
Everett,2020,8.905
Everett,2021,9.405
Everett,2022,8.604999999999999
Everett,2023,8.205
Everett,2024,7.005
Fairhaven,2017,8.267857142857144
Fairhaven,2018,7.867857142857143
Fairhaven,2019,6.9678571428571425
Fairhaven,2020,6.567857142857142
Fairhaven,2021,7.067857142857142
Fairhaven,2022,6.267857142857142
Fairhaven,2023,6.267857142857142
Fairhaven,2024,5.367857142857143
Fall River,2017,9.097012987012986
Fall River,2018,8.497012987012987
Fall River,2019,7.597012987012987
Fall River,2020,7.097012987012987
Fall River,2021,7.7970129870129865
Fall River,2022,6.797012987012987
Fall River,2023,6.797012987012987
Fall River,2024,5.897012987012987
Falmouth,2017,8.662662337662338
Falmouth,2018,8.362662337662337
Falmouth,2019,7.562662337662337
Falmouth,2020,7.262662337662338
Falmouth,2021,7.662662337662338
Falmouth,2022,6.8626623376623375
Falmouth,2023,6.8626623376623375
Falmouth,2024,6.062662337662337
Fitchburg,2017,9.968579545454546
Fitchburg,2018,9.268579545454545
Fitchburg,2019,8.368579545454546
Fitchburg,2020,7.868579545454545
Fitchburg,2021,8.268579545454545
Fitchburg,2022,7.868579545454545
Fitchburg,2023,7.768579545454545
Fitchburg,2024,7.468579545454546
Florida,2017,8.7
Florida,2018,8.4
Florida,2019,7.6
Florida,2020,7.1
Florida,2021,7.5
Florida,2022,7.0
Florida,2023,7.0
Florida,2024,7.2
Foxborough,2017,12.0625
Foxborough,2018,11.0625
Foxborough,2019,10.0625
Foxborough,2020,9.5625
Foxborough,2021,10.3625
Foxborough,2022,9.5625
Foxborough,2023,9.3625
Foxborough,2024,8.2625
Framingham,2017,11.332122564935064
Framingham,2018,10.332122564935064
Framingham,2019,9.432122564935066
Framingham,2020,8.832122564935064
Framingham,2021,9.632122564935065
Framingham,2022,8.932122564935066
Framingham,2023,8.732122564935064
Framingham,2024,7.832122564935065
Franklin,2017,11.287611607142857
Franklin,2018,10.487611607142856
Franklin,2019,9.487611607142856
Franklin,2020,8.887611607142858
Franklin,2021,9.787611607142857
Franklin,2022,8.987611607142856
Franklin,2023,8.887611607142858
Franklin,2024,7.8876116071428575
Freetown,2017,8.5125
Freetown,2018,7.812500000000001
Freetown,2019,6.9125000000000005
Freetown,2020,6.5125
Freetown,2021,7.1125
Freetown,2022,6.2125
Freetown,2023,6.1125
Freetown,2024,5.2125
Gardner,2017,8.9484375
Gardner,2018,8.5484375
Gardner,2019,7.6484375
Gardner,2020,7.0484375
Gardner,2021,7.448437500000001
Gardner,2022,7.0484375
Gardner,2023,7.0484375
Gardner,2024,6.7484375
Georgetown,2017,10.6
Georgetown,2018,9.7
Georgetown,2019,8.9
Georgetown,2020,8.3
Georgetown,2021,9.4
Georgetown,2022,8.7
Georgetown,2023,8.3
Georgetown,2024,7.3
Gill,2017,9.3
Gill,2018,8.9
Gill,2019,8.1
Gill,2020,7.5
Gill,2021,8.3
Gill,2022,7.6
Gill,2023,7.4
Gill,2024,7.7
Gloucester,2017,9.09625
Gloucester,2018,8.59625
Gloucester,2019,7.89625
Gloucester,2020,7.49625
Gloucester,2021,8.09625
Gloucester,2022,7.5962499999999995
Gloucester,2023,7.39625
Gloucester,2024,6.49625
Goshen,2017,9.4
Goshen,2018,8.9
Goshen,2019,8.0
Goshen,2020,7.4
Goshen,2021,8.1
Goshen,2022,7.5
Goshen,2023,7.5
Goshen,2024,7.3
Gosnold,2017,7.9
Gosnold,2018,8.2
Gosnold,2019,7.4
Gosnold,2020,7.1
Gosnold,2021,7.4
Gosnold,2022,6.7
Gosnold,2023,6.8
Gosnold,2024,5.8
Grafton,2017,10.445
Grafton,2018,9.645
Grafton,2019,8.545000000000002
Grafton,2020,8.045000000000002
Grafton,2021,8.945
Grafton,2022,8.145
Grafton,2023,8.045000000000002
Grafton,2024,7.1450000000000005
Granby,2017,10.5
Granby,2018,9.7
Granby,2019,8.6
Granby,2020,8.0
Granby,2021,9.3
Granby,2022,8.3
Granby,2023,8.2
Granby,2024,7.6
Granville,2017,9.3
Granville,2018,8.9
Granville,2019,7.8
Granville,2020,7.3
Granville,2021,7.9
Granville,2022,7.3
Granville,2023,7.5
Granville,2024,7.2
Great Barrington,2017,8.131250000000001
Great Barrington,2018,7.6312500000000005
Great Barrington,2019,6.53125
Great Barrington,2020,6.13125
Great Barrington,2021,6.63125
Great Barrington,2022,6.03125
Great Barrington,2023,6.13125
Great Barrington,2024,6.23125
Greenfield,2017,9.2875
Greenfield,2018,8.7875
Greenfield,2019,7.887499999999999
Greenfield,2020,7.387499999999999
Greenfield,2021,8.2875
Greenfield,2022,7.5874999999999995
Greenfield,2023,7.387499999999999
Greenfield,2024,7.4875
Groton,2017,10.5
Groton,2018,9.6
Groton,2019,8.7
Groton,2020,8.2
Groton,2021,8.7
Groton,2022,8.2
Groton,2023,8.1
Groton,2024,7.6
Groveland,2017,10.5
Groveland,2018,9.6
Groveland,2019,8.8
Groveland,2020,8.3
Groveland,2021,9.3
Groveland,2022,8.7
Groveland,2023,8.3
Groveland,2024,7.3
Hadley,2017,10.2
Hadley,2018,9.5
Hadley,2019,8.4
Hadley,2020,7.8
Hadley,2021,8.9
Hadley,2022,8.1
Hadley,2023,8.0
Hadley,2024,7.7
Halifax,2017,10.3
Halifax,2018,9.3
Halifax,2019,8.5
Halifax,2020,8.1
Halifax,2021,8.6
Halifax,2022,7.8
Halifax,2023,7.7
Halifax,2024,6.7
Hamilton,2017,10.4
Hamilton,2018,9.6
Hamilton,2019,8.8
Hamilton,2020,8.3
Hamilton,2021,9.2
Hamilton,2022,8.5
Hamilton,2023,8.2
Hamilton,2024,7.2
Hampden,2017,10.6
Hampden,2018,9.9
Hampden,2019,8.6
Hampden,2020,8.0
Hampden,2021,9.2
Hampden,2022,8.1
Hampden,2023,8.2
Hampden,2024,7.5
Hancock,2017,9.2
Hancock,2018,8.8
Hancock,2019,7.8
Hancock,2020,7.4
Hancock,2021,7.9
Hancock,2022,7.4
Hancock,2023,7.4
Hancock,2024,7.5
Hanover,2017,10.5
Hanover,2018,9.5
Hanover,2019,8.8
Hanover,2020,8.3
Hanover,2021,8.8
Hanover,2022,8.1
Hanover,2023,7.9
Hanover,2024,6.8
Hanson,2017,9.805
Hanson,2018,8.805
Hanson,2019,8.004999999999999
Hanson,2020,7.6049999999999995
Hanson,2021,8.105
Hanson,2022,7.405
Hanson,2023,7.205
Hanson,2024,6.205
Hardwick,2017,9.6
Hardwick,2018,9.1
Hardwick,2019,8.1
Hardwick,2020,7.5
Hardwick,2021,8.2
Hardwick,2022,7.7
Hardwick,2023,7.7
Hardwick,2024,7.1
Harvard,2017,10.4
Harvard,2018,9.6
Harvard,2019,8.6
Harvard,2020,8.1
Harvard,2021,8.7
Harvard,2022,8.2
Harvard,2023,8.1
Harvard,2024,7.6
Harwich,2017,7.186071428571427
Harwich,2018,7.186071428571427
Harwich,2019,6.486071428571428
Harwich,2020,6.086071428571428
Harwich,2021,6.386071428571428
Harwich,2022,5.786071428571428
Harwich,2023,5.686071428571428
Harwich,2024,5.086071428571428
Hatfield,2017,10.0
Hatfield,2018,9.3
Hatfield,2019,8.3
Hatfield,2020,7.8
Hatfield,2021,8.8
Hatfield,2022,8.0
Hatfield,2023,7.9
Hatfield,2024,7.6
Haverhill,2017,9.904464285714287
Haverhill,2018,8.904464285714287
Haverhill,2019,8.004464285714286
Haverhill,2020,7.5044642857142865
Haverhill,2021,8.504464285714286
Haverhill,2022,8.004464285714286
Haverhill,2023,7.604464285714286
Haverhill,2024,6.604464285714286
Hawley,2017,8.3875
Hawley,2018,8.1875
Hawley,2019,7.387499999999999
Hawley,2020,6.9875
Hawley,2021,7.2875
Hawley,2022,6.887499999999999
Hawley,2023,6.887499999999999
Hawley,2024,7.0874999999999995
Heath,2017,8.6
Heath,2018,8.4
Heath,2019,7.6
Heath,2020,7.2
Heath,2021,7.5
Heath,2022,7.1
Heath,2023,7.1
Heath,2024,7.3
Hingham,2017,10.112412587412587
Hingham,2018,9.112412587412587
Hingham,2019,8.412412587412586
Hingham,2020,8.012412587412587
Hingham,2021,8.412412587412586
Hingham,2022,7.612412587412588
Hingham,2023,7.412412587412587
Hingham,2024,6.2124125874125875
Hinsdale,2017,9.0
Hinsdale,2018,8.7
Hinsdale,2019,7.7
Hinsdale,2020,7.3
Hinsdale,2021,7.8
Hinsdale,2022,7.2
Hinsdale,2023,7.3
Hinsdale,2024,7.3
Holbrook,2017,10.03125
Holbrook,2018,8.83125
Holbrook,2019,8.03125
Holbrook,2020,7.531249999999999
Holbrook,2021,8.131250000000001
Holbrook,2022,7.33125
Holbrook,2023,7.031249999999999
Holbrook,2024,5.83125
Holden,2017,9.913636363636364
Holden,2018,9.113636363636363
Holden,2019,8.213636363636363
Holden,2020,7.613636363636363
Holden,2021,8.313636363636363
Holden,2022,7.713636363636363
Holden,2023,7.613636363636363
Holden,2024,6.913636363636363
Holland,2017,10.0
Holland,2018,9.4
Holland,2019,8.2
Holland,2020,7.6
Holland,2021,8.4
Holland,2022,7.8
Holland,2023,7.9
Holland,2024,7.0
Holliston,2017,11.0
Holliston,2018,10.0
Holliston,2019,9.1
Holliston,2020,8.5
Holliston,2021,9.3
Holliston,2022,8.6
Holliston,2023,8.4
Holliston,2024,7.5
Holyoke,2017,11.128409090909091
Holyoke,2018,10.32840909090909
Holyoke,2019,9.128409090909091
Holyoke,2020,8.628409090909091
Holyoke,2021,9.92840909090909
Holyoke,2022,8.728409090909091
Holyoke,2023,8.728409090909091
Holyoke,2024,8.228409090909091
Hopedale,2017,10.5
Hopedale,2018,9.8
Hopedale,2019,8.8
Hopedale,2020,8.2
Hopedale,2021,9.1
Hopedale,2022,8.3
Hopedale,2023,8.3
Hopedale,2024,7.3
Hopkinton,2017,10.029687500000001
Hopkinton,2018,9.1296875
Hopkinton,2019,8.2296875
Hopkinton,2020,7.6296875
Hopkinton,2021,8.4296875
Hopkinton,2022,7.7296875
Hopkinton,2023,7.6296875
Hopkinton,2024,6.7296875
Hubbardston,2017,8.0125
Hubbardston,2018,7.5125
Hubbardston,2019,6.6125
Hubbardston,2020,6.0125
Hubbardston,2021,6.5125
Hubbardston,2022,6.0125
Hubbardston,2023,6.0125
Hubbardston,2024,5.6125
Hudson,2017,9.950000000000001
Hudson,2018,9.05
Hudson,2019,8.05
Hudson,2020,7.550000000000001
Hudson,2021,8.25
Hudson,2022,7.65
Hudson,2023,7.450000000000001
Hudson,2024,6.85
Hull,2017,10.9
Hull,2018,9.9
Hull,2019,9.2
Hull,2020,8.9
Hull,2021,9.3
Hull,2022,8.5
Hull,2023,8.3
Hull,2024,7.1
Huntington,2017,8.218181818181819
Huntington,2018,7.818181818181818
Huntington,2019,6.818181818181818
Huntington,2020,6.318181818181818
Huntington,2021,6.918181818181818
Huntington,2022,6.418181818181818
Huntington,2023,6.418181818181818
Huntington,2024,6.118181818181818
Ipswich,2017,10.2
Ipswich,2018,9.5
Ipswich,2019,8.7
Ipswich,2020,8.2
Ipswich,2021,9.1
Ipswich,2022,8.5
Ipswich,2023,8.2
Ipswich,2024,7.2
Kingston,2017,10.65
Kingston,2018,9.95
Kingston,2019,9.15
Kingston,2020,8.75
Kingston,2021,9.25
Kingston,2022,8.45
Kingston,2023,8.35
Kingston,2024,7.449999999999999
Lakeville,2017,10.2
Lakeville,2018,9.4
Lakeville,2019,8.5
Lakeville,2020,8.0
Lakeville,2021,8.7
Lakeville,2022,7.8
Lakeville,2023,7.7
Lakeville,2024,6.8
Lancaster,2017,11.08589876033058
Lancaster,2018,10.285898760330578
Lancaster,2019,9.285898760330578
Lancaster,2020,8.785898760330578
Lancaster,2021,9.385898760330578
Lancaster,2022,8.885898760330578
Lancaster,2023,8.785898760330578
Lancaster,2024,8.285898760330578
Lanesborough,2017,7.570454545454545
Lanesborough,2018,7.270454545454545
Lanesborough,2019,6.2704545454545455
Lanesborough,2020,5.870454545454545
Lanesborough,2021,6.370454545454545
Lanesborough,2022,5.870454545454545
Lanesborough,2023,5.870454545454545
Lanesborough,2024,5.970454545454546
Lawrence,2017,10.493501082251083
Lawrence,2018,9.393501082251083
Lawrence,2019,8.493501082251083
Lawrence,2020,7.993501082251082
Lawrence,2021,8.893501082251083
Lawrence,2022,8.293501082251083
Lawrence,2023,7.893501082251082
Lawrence,2024,7.093501082251082
Lee,2017,9.2
Lee,2018,8.8
Lee,2019,7.8
Lee,2020,7.4
Lee,2021,7.9
Lee,2022,7.2
Lee,2023,7.3
Lee,2024,7.3
Leicester,2017,10.3
Leicester,2018,9.6
Leicester,2019,8.5
Leicester,2020,7.9
Leicester,2021,8.8
Leicester,2022,8.0
Leicester,2023,8.1
Leicester,2024,7.2
Lenox,2017,9.2
Lenox,2018,8.8
Lenox,2019,7.8
Lenox,2020,7.5
Lenox,2021,8.0
Lenox,2022,7.3
Lenox,2023,7.4
Lenox,2024,7.4
Leominster,2017,9.25
Leominster,2018,8.55
Leominster,2019,7.65
Leominster,2020,7.050000000000001
Leominster,2021,7.550000000000001
Leominster,2022,7.15
Leominster,2023,7.050000000000001
Leominster,2024,6.65
Leverett,2017,9.7
Leverett,2018,9.1
Leverett,2019,8.1
Leverett,2020,7.6
Leverett,2021,8.4
Leverett,2022,7.8
Leverett,2023,7.7
Leverett,2024,7.4
Lexington,2017,11.413636363636364
Lexington,2018,10.113636363636363
Lexington,2019,9.313636363636363
Lexington,2020,8.813636363636363
Lexington,2021,9.413636363636364
Lexington,2022,8.713636363636363
Lexington,2023,8.313636363636363
Lexington,2024,7.413636363636363
Leyden,2017,9.3
Leyden,2018,8.9
Leyden,2019,8.1
Leyden,2020,7.5
Leyden,2021,8.3
Leyden,2022,7.6
Leyden,2023,7.4
Leyden,2024,7.7
Lincoln,2017,11.4
Lincoln,2018,10.3
Lincoln,2019,9.4
Lincoln,2020,8.9
Lincoln,2021,9.5
Lincoln,2022,8.9
Lincoln,2023,8.6
Lincoln,2024,7.7
Littleton,2017,10.7
Littleton,2018,9.8
Littleton,2019,8.8
Littleton,2020,8.3
Littleton,2021,8.9
Littleton,2022,8.4
Littleton,2023,8.2
Littleton,2024,7.7
Longmeadow,2017,9.83125
Longmeadow,2018,9.03125
Longmeadow,2019,7.73125
Longmeadow,2020,7.1312500000000005
Longmeadow,2021,8.53125
Longmeadow,2022,7.23125
Longmeadow,2023,7.23125
Longmeadow,2024,6.73125
Lowell,2017,10.687624950806768
Lowell,2018,9.587624950806768
Lowell,2019,8.587624950806768
Lowell,2020,8.187624950806768
Lowell,2021,8.887624950806769
Lowell,2022,8.28762495080677
Lowell,2023,7.987624950806769
Lowell,2024,7.387624950806769
Ludlow,2017,9.964571428571428
Ludlow,2018,9.164571428571428
Ludlow,2019,7.964571428571429
Ludlow,2020,7.364571428571428
Ludlow,2021,8.664571428571428
Ludlow,2022,7.564571428571429
Ludlow,2023,7.564571428571429
Ludlow,2024,6.964571428571428
Lunenburg,2017,10.1
Lunenburg,2018,9.4
Lunenburg,2019,8.4
Lunenburg,2020,7.9
Lunenburg,2021,8.4
Lunenburg,2022,7.9
Lunenburg,2023,7.8
Lunenburg,2024,7.4
Lynn,2017,11.278053977272727
Lynn,2018,10.178053977272729
Lynn,2019,9.378053977272728
Lynn,2020,8.978053977272726
Lynn,2021,9.578053977272727
Lynn,2022,8.778053977272727
Lynn,2023,8.478053977272726
Lynn,2024,7.378053977272727
Lynnfield,2017,10.467857142857143
Lynnfield,2018,9.267857142857144
Lynnfield,2019,8.367857142857144
Lynnfield,2020,7.9678571428571425
Lynnfield,2021,8.767857142857144
Lynnfield,2022,7.9678571428571425
Lynnfield,2023,7.567857142857142
Lynnfield,2024,6.567857142857142
Malden,2017,11.01909090909091
Malden,2018,9.819090909090908
Malden,2019,9.01909090909091
Malden,2020,8.61909090909091
Malden,2021,9.11909090909091
Malden,2022,8.319090909090908
Malden,2023,7.91909090909091
Malden,2024,6.819090909090909
Manchester,2017,9.6
Manchester,2018,9.1
Manchester,2019,8.4
Manchester,2020,8.0
Manchester,2021,8.6
Manchester,2022,8.1
Manchester,2023,7.9
Manchester,2024,7.0
Mansfield,2017,10.9
Mansfield,2018,9.9
Mansfield,2019,9.0
Mansfield,2020,8.4
Mansfield,2021,9.3
Mansfield,2022,8.4
Mansfield,2023,8.2
Mansfield,2024,7.2
Marblehead,2017,10.033333333333333
Marblehead,2018,9.133333333333333
Marblehead,2019,8.433333333333334
Marblehead,2020,8.033333333333333
Marblehead,2021,8.633333333333333
Marblehead,2022,8.033333333333333
Marblehead,2023,7.733333333333334
Marblehead,2024,6.633333333333333
Marion,2017,9.2
Marion,2018,8.8
Marion,2019,7.9
Marion,2020,7.6
Marion,2021,8.1
Marion,2022,7.3
Marion,2023,7.3
Marion,2024,6.3
Marlborough,2017,10.770652173913044
Marlborough,2018,9.770652173913044
Marlborough,2019,8.870652173913044
Marlborough,2020,8.270652173913044
Marlborough,2021,9.070652173913043
Marlborough,2022,8.470652173913043
Marlborough,2023,8.270652173913044
Marlborough,2024,7.570652173913043
Marshfield,2017,9.9
Marshfield,2018,9.1
Marshfield,2019,8.4
Marshfield,2020,8.0
Marshfield,2021,8.4
Marshfield,2022,7.7
Marshfield,2023,7.6
Marshfield,2024,6.6
Mashpee,2017,9.0
Mashpee,2018,8.6
Mashpee,2019,7.8
Mashpee,2020,7.5
Mashpee,2021,7.9
Mashpee,2022,7.1
Mashpee,2023,7.1
Mashpee,2024,6.3
Mattapoisett,2017,8.928068181818182
Mattapoisett,2018,8.628068181818183
Mattapoisett,2019,7.728068181818182
Mattapoisett,2020,7.328068181818182
Mattapoisett,2021,7.828068181818182
Mattapoisett,2022,7.028068181818182
Mattapoisett,2023,7.128068181818182
Mattapoisett,2024,6.128068181818182
Maynard,2017,10.6875
Maynard,2018,9.6875
Maynard,2019,8.7875
Maynard,2020,8.1875
Maynard,2021,8.8875
Maynard,2022,8.3875
Maynard,2023,8.1875
Maynard,2024,7.4875
Medfield,2017,11.2
Medfield,2018,10.1
Medfield,2019,9.2
Medfield,2020,8.7
Medfield,2021,9.5
Medfield,2022,8.7
Medfield,2023,8.5
Medfield,2024,7.4
Medford,2017,11.195535714285715
Medford,2018,9.995535714285715
Medford,2019,9.195535714285715
Medford,2020,8.795535714285714
Medford,2021,9.295535714285714
Medford,2022,8.495535714285715
Medford,2023,8.095535714285715
Medford,2024,6.895535714285714
Medway,2017,10.065909090909091
Medway,2018,9.165909090909091
Medway,2019,8.26590909090909
Medway,2020,7.665909090909091
Medway,2021,8.565909090909091
Medway,2022,7.765909090909091
Medway,2023,7.665909090909091
Medway,2024,6.665909090909091
Melrose,2017,11.8
Melrose,2018,10.6
Melrose,2019,9.8
Melrose,2020,9.3
Melrose,2021,9.9
Melrose,2022,9.1
Melrose,2023,8.7
Melrose,2024,7.6
Mendon,2017,9.4225
Mendon,2018,8.7225
Mendon,2019,7.722499999999999
Mendon,2020,7.222499999999999
Mendon,2021,8.122499999999999
Mendon,2022,7.222499999999999
Mendon,2023,7.222499999999999
Mendon,2024,6.2225
Merrimac,2017,9.987499999999999
Merrimac,2018,9.1875
Merrimac,2019,8.487499999999999
Merrimac,2020,7.887499999999999
Merrimac,2021,8.987499999999999
Merrimac,2022,8.3875
Merrimac,2023,7.987499999999999
Merrimac,2024,7.0874999999999995
Methuen,2017,11.707142857142857
Methuen,2018,10.607142857142858
Methuen,2019,9.707142857142857
Methuen,2020,9.207142857142857
Methuen,2021,10.107142857142858
Methuen,2022,9.507142857142858
Methuen,2023,9.107142857142858
Methuen,2024,8.407142857142857
Middleborough,2017,9.165401785714286
Middleborough,2018,8.265401785714285
Middleborough,2019,7.365401785714286
Middleborough,2020,6.965401785714286
Middleborough,2021,7.565401785714285
Middleborough,2022,6.765401785714286
Middleborough,2023,6.565401785714286
Middleborough,2024,5.665401785714286
Middlefield,2017,8.9
Middlefield,2018,8.6
Middlefield,2019,7.7
Middlefield,2020,7.2
Middlefield,2021,7.6
Middlefield,2022,7.2
Middlefield,2023,7.2
Middlefield,2024,7.2
Middleton,2017,9.860227272727272
Middleton,2018,8.760227272727272
Middleton,2019,7.9602272727272725
Middleton,2020,7.4602272727272725
Middleton,2021,8.360227272727272
Middleton,2022,7.6602272727272736
Middleton,2023,7.260227272727273
Middleton,2024,6.260227272727273
Milford,2017,10.015749999999999
Milford,2018,9.21575
Milford,2019,8.21575
Milford,2020,7.61575
Milford,2021,8.515749999999999
Milford,2022,7.71575
Milford,2023,7.71575
Milford,2024,6.71575
Millbury,2017,10.5
Millbury,2018,9.7
Millbury,2019,8.7
Millbury,2020,8.1
Millbury,2021,9.0
Millbury,2022,8.2
Millbury,2023,8.2
Millbury,2024,7.3
Millis,2017,10.9
Millis,2018,10.0
Millis,2019,9.0
Millis,2020,8.5
Millis,2021,9.3
Millis,2022,8.5
Millis,2023,8.4
Millis,2024,7.3
Millville,2017,10.2
Millville,2018,9.6
Millville,2019,8.6
Millville,2020,8.1
Millville,2021,9.0
Millville,2022,8.1
Millville,2023,8.1
Millville,2024,7.1
Milton,2017,10.895454545454545
Milton,2018,9.595454545454544
Milton,2019,8.795454545454547
Milton,2020,8.395454545454545
Milton,2021,8.895454545454545
Milton,2022,7.995454545454545
Milton,2023,7.695454545454544
Milton,2024,6.295454545454545
Monroe,2017,8.6
Monroe,2018,8.4
Monroe,2019,7.6
Monroe,2020,7.2
Monroe,2021,7.5
Monroe,2022,7.1
Monroe,2023,7.1
Monroe,2024,7.3
Monson,2017,10.4
Monson,2018,9.7
Monson,2019,8.5
Monson,2020,7.9
Monson,2021,8.9
Monson,2022,8.1
Monson,2023,8.1
Monson,2024,7.3
Montague,2017,9.6
Montague,2018,9.1
Montague,2019,8.2
Montague,2020,7.6
Montague,2021,8.5
Montague,2022,7.8
Montague,2023,7.7
Montague,2024,7.7
Monterey,2017,8.713636363636363
Monterey,2018,8.313636363636363
Monterey,2019,7.3136363636363635
Monterey,2020,6.913636363636363
Monterey,2021,7.3136363636363635
Monterey,2022,6.713636363636363
Monterey,2023,6.913636363636363
Monterey,2024,6.8136363636363635
Montgomery,2017,9.3
Montgomery,2018,8.9
Montgomery,2019,7.8
Montgomery,2020,7.3
Montgomery,2021,7.9
Montgomery,2022,7.3
Montgomery,2023,7.5
Montgomery,2024,7.2
Mount Washington,2017,9.5
Mount Washington,2018,8.9
Mount Washington,2019,7.7
Mount Washington,2020,7.4
Mount Washington,2021,7.8
Mount Washington,2022,7.2
Mount Washington,2023,7.3
Mount Washington,2024,7.5
Nahant,2017,11.0
Nahant,2018,10.0
Nahant,2019,9.3
Nahant,2020,8.9
Nahant,2021,9.5
Nahant,2022,8.7
Nahant,2023,8.4
Nahant,2024,7.2
Nantucket,2017,6.350781250000001
Nantucket,2018,6.750781249999999
Nantucket,2019,6.15078125
Nantucket,2020,5.850781250000001
Nantucket,2021,5.95078125
Nantucket,2022,5.45078125
Nantucket,2023,5.350781250000001
Nantucket,2024,4.95078125
Natick,2017,11.4
Natick,2018,10.3
Natick,2019,9.4
Natick,2020,8.8
Natick,2021,9.6
Natick,2022,8.8
Natick,2023,8.6
Natick,2024,7.6
Needham,2017,10.713392857142857
Needham,2018,9.513392857142858
Needham,2019,8.713392857142857
Needham,2020,8.213392857142857
Needham,2021,8.813392857142858
Needham,2022,8.013392857142858
Needham,2023,7.713392857142856
Needham,2024,6.513392857142857
New Ashford,2017,9.2
New Ashford,2018,8.8
New Ashford,2019,7.8
New Ashford,2020,7.4
New Ashford,2021,7.9
New Ashford,2022,7.4
New Ashford,2023,7.4
New Ashford,2024,7.5
New Bedford,2017,9.342797619047618
New Bedford,2018,8.742797619047618
New Bedford,2019,7.842797619047618
New Bedford,2020,7.442797619047619
New Bedford,2021,8.042797619047619
New Bedford,2022,7.142797619047618
New Bedford,2023,7.142797619047618
New Bedford,2024,6.242797619047618
New Braintree,2017,9.6
New Braintree,2018,9.1
New Braintree,2019,8.1
New Braintree,2020,7.5
New Braintree,2021,8.2
New Braintree,2022,7.7
New Braintree,2023,7.7
New Braintree,2024,7.1
New Marlborough,2017,9.1
New Marlborough,2018,8.7
New Marlborough,2019,7.5
New Marlborough,2020,7.2
New Marlborough,2021,7.6
New Marlborough,2022,7.0
New Marlborough,2023,7.2
New Marlborough,2024,7.2
New Salem,2017,9.7
New Salem,2018,9.1
New Salem,2019,8.1
New Salem,2020,7.6
New Salem,2021,8.4
New Salem,2022,7.8
New Salem,2023,7.7
New Salem,2024,7.4
Newbury,2017,9.9
Newbury,2018,9.3
Newbury,2019,8.5
Newbury,2020,8.0
Newbury,2021,9.0
Newbury,2022,8.4
Newbury,2023,8.1
Newbury,2024,7.1
Newburyport,2017,9.504999999999999
Newburyport,2018,8.805
Newburyport,2019,8.104999999999999
Newburyport,2020,7.6049999999999995
Newburyport,2021,8.504999999999999
Newburyport,2022,8.004999999999999
Newburyport,2023,7.6049999999999995
Newburyport,2024,6.605
Newton,2017,11.575
Newton,2018,10.274999999999999
Newton,2019,9.475
Newton,2020,8.975
Newton,2021,9.575
Newton,2022,8.774999999999999
Newton,2023,8.475
Newton,2024,7.275
Norfolk,2017,10.9
Norfolk,2018,10.0
Norfolk,2019,9.0
Norfolk,2020,8.4
Norfolk,2021,9.3
Norfolk,2022,8.5
Norfolk,2023,8.4
Norfolk,2024,7.3
North Adams,2017,8.7
North Adams,2018,8.5
North Adams,2019,7.6
North Adams,2020,7.2
North Adams,2021,7.6
North Adams,2022,7.1
North Adams,2023,7.1
North Adams,2024,7.4
North Andover,2017,11.474733302411874
North Andover,2018,10.374733302411874
North Andover,2019,9.474733302411874
North Andover,2020,9.074733302411873
North Andover,2021,9.974733302411874
North Andover,2022,9.274733302411875
North Andover,2023,8.874733302411874
North Andover,2024,7.974733302411874
North Attleborough,2017,9.946581818181818
North Attleborough,2018,9.246581818181818
North Attleborough,2019,8.246581818181818
North Attleborough,2020,7.746581818181818
North Attleborough,2021,8.646581818181819
North Attleborough,2022,7.646581818181819
North Attleborough,2023,7.546581818181817
North Attleborough,2024,6.646581818181818
North Brookfield,2017,9.413636363636364
North Brookfield,2018,8.813636363636363
North Brookfield,2019,7.813636363636363
North Brookfield,2020,7.213636363636363
North Brookfield,2021,8.013636363636364
North Brookfield,2022,7.413636363636363
North Brookfield,2023,7.413636363636363
North Brookfield,2024,6.613636363636363
North Reading,2017,13.0
North Reading,2018,11.799999999999999
North Reading,2019,11.0
North Reading,2020,10.5
North Reading,2021,11.299999999999999
North Reading,2022,10.6
North Reading,2023,10.2
North Reading,2024,9.299999999999999
Northampton,2017,10.3
Northampton,2018,9.5
Northampton,2019,8.5
Northampton,2020,7.9
Northampton,2021,9.0
Northampton,2022,8.2
Northampton,2023,8.1
Northampton,2024,7.7
Northborough,2017,11.72627840909091
Northborough,2018,10.82627840909091
Northborough,2019,9.82627840909091
Northborough,2020,9.32627840909091
Northborough,2021,10.126278409090908
Northborough,2022,9.426278409090909
Northborough,2023,9.32627840909091
Northborough,2024,8.626278409090908
Northbridge,2017,10.765625
Northbridge,2018,9.965625
Northbridge,2019,8.965625
Northbridge,2020,8.465625
Northbridge,2021,9.365625
Northbridge,2022,8.465625
Northbridge,2023,8.565625
Northbridge,2024,7.565625
Northfield,2017,9.4
Northfield,2018,8.9
Northfield,2019,8.1
Northfield,2020,7.5
Northfield,2021,8.3
Northfield,2022,7.6
Northfield,2023,7.5
Northfield,2024,7.7
Norton,2017,10.26875
Norton,2018,9.26875
Norton,2019,8.36875
Norton,2020,7.86875
Norton,2021,8.66875
Norton,2022,7.768750000000001
Norton,2023,7.56875
Norton,2024,6.66875
Norwell,2017,10.4
Norwell,2018,9.4
Norwell,2019,8.7
Norwell,2020,8.3
Norwell,2021,8.7
Norwell,2022,8.0
Norwell,2023,7.8
Norwell,2024,6.8
Norwood,2017,10.65
Norwood,2018,9.450000000000001
Norwood,2019,8.65
Norwood,2020,8.05
Norwood,2021,8.75
Norwood,2022,7.950000000000001
Norwood,2023,7.65
Norwood,2024,6.449999999999999
Oak Bluffs,2017,9.253571428571428
Oak Bluffs,2018,9.353571428571428
Oak Bluffs,2019,8.553571428571429
Oak Bluffs,2020,8.253571428571428
Oak Bluffs,2021,8.653571428571428
Oak Bluffs,2022,7.953571428571427
Oak Bluffs,2023,7.953571428571427
Oak Bluffs,2024,7.1535714285714285
Oakham,2017,9.7
Oakham,2018,9.1
Oakham,2019,8.2
Oakham,2020,7.6
Oakham,2021,8.2
Oakham,2022,7.7
Oakham,2023,7.7
Oakham,2024,7.1
Orange,2017,9.4
Orange,2018,8.9
Orange,2019,8.0
Orange,2020,7.5
Orange,2021,8.1
Orange,2022,7.6
Orange,2023,7.5
Orange,2024,7.5
Orleans,2017,8.0
Orleans,2018,8.1
Orleans,2019,7.4
Orleans,2020,7.0
Orleans,2021,7.3
Orleans,2022,6.7
Orleans,2023,6.6
Orleans,2024,6.1
Otis,2017,9.0
Otis,2018,8.7
Otis,2019,7.6
Otis,2020,7.2
Otis,2021,7.6
Otis,2022,7.1
Otis,2023,7.3
Otis,2024,7.1
Oxford,2017,9.705
Oxford,2018,8.905
Oxford,2019,7.905
Oxford,2020,7.305000000000001
Oxford,2021,8.205
Oxford,2022,7.405
Oxford,2023,7.505
Oxford,2024,6.505
Palmer,2017,10.4
Palmer,2018,9.7
Palmer,2019,8.5
Palmer,2020,7.9
Palmer,2021,9.0
Palmer,2022,8.2
Palmer,2023,8.2
Palmer,2024,7.4
Paxton,2017,8.5125
Paxton,2018,7.9125000000000005
Paxton,2019,6.9125000000000005
Paxton,2020,6.3125
Paxton,2021,7.0125
Paxton,2022,6.4125000000000005
Paxton,2023,6.4125000000000005
Paxton,2024,5.6125
Peabody,2017,10.450000000000001
Peabody,2018,9.35
Peabody,2019,8.55
Peabody,2020,8.05
Peabody,2021,8.85
Peabody,2022,8.15
Peabody,2023,7.75
Peabody,2024,6.75
Pelham,2017,9.9
Pelham,2018,9.3
Pelham,2019,8.3
Pelham,2020,7.7
Pelham,2021,8.7
Pelham,2022,8.0
Pelham,2023,7.9
Pelham,2024,7.5
Pembroke,2017,10.2
Pembroke,2018,9.3
Pembroke,2019,8.5
Pembroke,2020,8.1
Pembroke,2021,8.6
Pembroke,2022,7.9
Pembroke,2023,7.7
Pembroke,2024,6.7
Pepperell,2017,9.450000000000001
Pepperell,2018,8.65
Pepperell,2019,7.75
Pepperell,2020,7.25
Pepperell,2021,7.75
Pepperell,2022,7.25
Pepperell,2023,7.15
Pepperell,2024,6.75
Peru,2017,8.9
Peru,2018,8.6
Peru,2019,7.7
Peru,2020,7.2
Peru,2021,7.6
Peru,2022,7.1
Peru,2023,7.2
Peru,2024,7.2
Petersham,2017,10.15
Petersham,2018,9.75
Petersham,2019,8.85
Petersham,2020,8.25
Petersham,2021,8.85
Petersham,2022,8.35
Petersham,2023,8.35
Petersham,2024,8.05
Phillipston,2017,9.3
Phillipston,2018,8.9
Phillipston,2019,8.0
Phillipston,2020,7.4
Phillipston,2021,8.0
Phillipston,2022,7.5
Phillipston,2023,7.5
Phillipston,2024,7.2
Pittsfield,2017,8.681818181818182
Pittsfield,2018,8.281818181818181
Pittsfield,2019,7.381818181818182
Pittsfield,2020,6.9818181818181815
Pittsfield,2021,7.4818181818181815
Pittsfield,2022,6.881818181818182
Pittsfield,2023,6.881818181818182
Pittsfield,2024,6.9818181818181815
Plainfield,2017,8.9
Plainfield,2018,8.6
Plainfield,2019,7.7
Plainfield,2020,7.2
Plainfield,2021,7.6
Plainfield,2022,7.2
Plainfield,2023,7.2
Plainfield,2024,7.2
Plainville,2017,10.70625
Plainville,2018,9.90625
Plainville,2019,8.90625
Plainville,2020,8.40625
Plainville,2021,9.306249999999999
Plainville,2022,8.40625
Plainville,2023,8.306249999999999
Plainville,2024,7.30625
Plymouth,2017,9.964285714285714
Plymouth,2018,9.364285714285714
Plymouth,2019,8.564285714285713
Plymouth,2020,8.164285714285715
Plymouth,2021,8.664285714285715
Plymouth,2022,7.9642857142857135
Plymouth,2023,7.864285714285714
Plymouth,2024,6.9642857142857135
Plympton,2017,11.221875
Plympton,2018,10.421875
Plympton,2019,9.621875
Plympton,2020,9.121875
Plympton,2021,9.721875
Plympton,2022,8.921875
Plympton,2023,8.821874999999999
Plympton,2024,7.8218749999999995
Princeton,2017,9.8
Princeton,2018,9.2
Princeton,2019,8.2
Princeton,2020,7.7
Princeton,2021,8.2
Princeton,2022,7.7
Princeton,2023,7.7
Princeton,2024,7.2
Provincetown,2017,7.9
Provincetown,2018,8.1
Provincetown,2019,7.4
Provincetown,2020,7.0
Provincetown,2021,7.2
Provincetown,2022,6.7
Provincetown,2023,6.7
Provincetown,2024,6.0
Quincy,2017,11.992534090909091
Quincy,2018,10.69253409090909
Quincy,2019,9.892534090909091
Quincy,2020,9.492534090909091
Quincy,2021,10.09253409090909
Quincy,2022,9.09253409090909
Quincy,2023,8.79253409090909
Quincy,2024,7.492534090909091
Randolph,2017,10.65
Randolph,2018,9.450000000000001
Randolph,2019,8.65
Randolph,2020,8.15
Randolph,2021,8.75
Randolph,2022,7.85
Randolph,2023,7.550000000000001
Randolph,2024,6.25
Raynham,2017,10.6
Raynham,2018,9.6
Raynham,2019,8.7
Raynham,2020,8.2
Raynham,2021,8.9
Raynham,2022,8.1
Raynham,2023,7.9
Raynham,2024,6.9
Reading,2017,10.02142857142857
Reading,2018,8.821428571428571
Reading,2019,7.921428571428571
Reading,2020,7.421428571428571
Reading,2021,8.221428571428572
Reading,2022,7.421428571428571
Reading,2023,7.0214285714285705
Reading,2024,6.121428571428572
Rehoboth,2017,9.131250000000001
Rehoboth,2018,8.53125
Rehoboth,2019,7.531249999999999
Rehoboth,2020,7.031249999999999
Rehoboth,2021,7.83125
Rehoboth,2022,6.83125
Rehoboth,2023,6.83125
Rehoboth,2024,5.9312499999999995
Revere,2017,11.7
Revere,2018,10.5
Revere,2019,9.8
Revere,2020,9.4
Revere,2021,9.9
Revere,2022,9.1
Revere,2023,8.7
Revere,2024,7.6
Richmond,2017,9.2
Richmond,2018,8.8
Richmond,2019,7.8
Richmond,2020,7.4
Richmond,2021,7.9
Richmond,2022,7.4
Richmond,2023,7.4
Richmond,2024,7.5
Rochester,2017,9.6
Rochester,2018,9.0
Rochester,2019,8.1
Rochester,2020,7.7
Rochester,2021,8.3
Rochester,2022,7.4
Rochester,2023,7.4
Rochester,2024,6.5
Rockland,2017,10.9
Rockland,2018,9.7
Rockland,2019,9.0
Rockland,2020,8.5
Rockland,2021,9.0
Rockland,2022,8.2
Rockland,2023,8.0
Rockland,2024,6.9
Rockport,2017,8.9
Rockport,2018,8.7
Rockport,2019,8.0
Rockport,2020,7.6
Rockport,2021,8.1
Rockport,2022,7.7
Rockport,2023,7.5
Rockport,2024,6.7
Rowe,2017,8.6
Rowe,2018,8.4
Rowe,2019,7.6
Rowe,2020,7.2
Rowe,2021,7.5
Rowe,2022,7.1
Rowe,2023,7.1
Rowe,2024,7.3
Rowley,2017,9.2225
Rowley,2018,8.4225
Rowley,2019,7.722499999999999
Rowley,2020,7.222499999999999
Rowley,2021,8.122499999999999
Rowley,2022,7.5225
Rowley,2023,7.222499999999999
Rowley,2024,6.2225
Royalston,2017,9.1
Royalston,2018,8.7
Royalston,2019,7.9
Royalston,2020,7.4
Royalston,2021,7.8
Royalston,2022,7.3
Royalston,2023,7.3
Royalston,2024,7.3
Russell,2017,9.3
Russell,2018,8.9
Russell,2019,7.8
Russell,2020,7.3
Russell,2021,7.9
Russell,2022,7.3
Russell,2023,7.5
Russell,2024,7.2
Rutland,2017,9.7
Rutland,2018,9.2
Rutland,2019,8.2
Rutland,2020,7.6
Rutland,2021,8.2
Rutland,2022,7.7
Rutland,2023,7.7
Rutland,2024,7.1
Salem,2017,9.4125
Salem,2018,8.4125
Salem,2019,7.6125
Salem,2020,7.2124999999999995
Salem,2021,8.0125
Salem,2022,7.2124999999999995
Salem,2023,6.9125000000000005
Salem,2024,5.9125000000000005
Salisbury,2017,10.52421875
Salisbury,2018,10.02421875
Salisbury,2019,9.32421875
Salisbury,2020,8.82421875
Salisbury,2021,9.62421875
Salisbury,2022,9.02421875
Salisbury,2023,8.724218749999999
Salisbury,2024,7.82421875
Sandisfield,2017,9.0
Sandisfield,2018,8.7
Sandisfield,2019,7.6
Sandisfield,2020,7.2
Sandisfield,2021,7.6
Sandisfield,2022,7.1
Sandisfield,2023,7.3
Sandisfield,2024,7.1
Sandwich,2017,8.332142857142857
Sandwich,2018,8.032142857142857
Sandwich,2019,7.132142857142856
Sandwich,2020,6.832142857142857
Sandwich,2021,7.232142857142858
Sandwich,2022,6.532142857142857
Sandwich,2023,6.432142857142857
Sandwich,2024,5.732142857142858
Saugus,2017,11.86465909090909
Saugus,2018,10.66465909090909
Saugus,2019,9.86465909090909
Saugus,2020,9.46465909090909
Saugus,2021,10.06465909090909
Saugus,2022,9.26465909090909
Saugus,2023,8.96465909090909
Saugus,2024,7.86465909090909
Savoy,2017,8.7
Savoy,2018,8.4
Savoy,2019,7.6
Savoy,2020,7.1
Savoy,2021,7.5
Savoy,2022,7.0
Savoy,2023,7.0
Savoy,2024,7.2
Scituate,2017,9.692
Scituate,2018,8.892000000000001
Scituate,2019,8.192
Scituate,2020,7.791999999999999
Scituate,2021,8.192
Scituate,2022,7.492
Scituate,2023,7.3919999999999995
Scituate,2024,6.292
Seekonk,2017,10.2
Seekonk,2018,9.8
Seekonk,2019,8.7
Seekonk,2020,8.2
Seekonk,2021,9.1
Seekonk,2022,8.0
Seekonk,2023,8.0
Seekonk,2024,7.1
Sharon,2017,11.38108552631579
Sharon,2018,10.181085526315789
Sharon,2019,9.281085526315788
Sharon,2020,8.781085526315788
Sharon,2021,9.48108552631579
Sharon,2022,8.681085526315789
Sharon,2023,8.38108552631579
Sharon,2024,7.281085526315789
Sheffield,2017,9.3
Sheffield,2018,8.8
Sheffield,2019,7.6
Sheffield,2020,7.2
Sheffield,2021,7.7
Sheffield,2022,7.0
Sheffield,2023,7.2
Sheffield,2024,7.4
Shelburne,2017,9.1
Shelburne,2018,8.7
Shelburne,2019,7.9
Shelburne,2020,7.3
Shelburne,2021,8.0
Shelburne,2022,7.4
Shelburne,2023,7.3
Shelburne,2024,7.4
Sherborn,2017,11.1
Sherborn,2018,10.1
Sherborn,2019,9.2
Sherborn,2020,8.6
Sherborn,2021,9.4
Sherborn,2022,8.6
Sherborn,2023,8.4
Sherborn,2024,7.4
Shirley,2017,10.4
Shirley,2018,9.6
Shirley,2019,8.6
Shirley,2020,8.1
Shirley,2021,8.7
Shirley,2022,8.2
Shirley,2023,8.0
Shirley,2024,7.6
Shrewsbury,2017,10.6
Shrewsbury,2018,9.8
Shrewsbury,2019,8.8
Shrewsbury,2020,8.2
Shrewsbury,2021,9.1
Shrewsbury,2022,8.3
Shrewsbury,2023,8.3
Shrewsbury,2024,7.5
Shutesbury,2017,9.7
Shutesbury,2018,9.1
Shutesbury,2019,8.1
Shutesbury,2020,7.6
Shutesbury,2021,8.4
Shutesbury,2022,7.8
Shutesbury,2023,7.7
Shutesbury,2024,7.4
Somerset,2017,10.221
Somerset,2018,9.621
Somerset,2019,8.721
Somerset,2020,8.221
Somerset,2021,8.921
Somerset,2022,8.021
Somerset,2023,7.921
Somerset,2024,7.121
Somerville,2017,12.16278409090909
Somerville,2018,10.862784090909091
Somerville,2019,10.16278409090909
Somerville,2020,9.76278409090909
Somerville,2021,10.26278409090909
Somerville,2022,9.362784090909091
Somerville,2023,8.962784090909091
Somerville,2024,7.762784090909091
South Hadley,2017,10.7
South Hadley,2018,9.9
South Hadley,2019,8.7
South Hadley,2020,8.2
South Hadley,2021,9.5
South Hadley,2022,8.4
South Hadley,2023,8.3
South Hadley,2024,7.8
Southampton,2017,10.1
Southampton,2018,9.4
Southampton,2019,8.3
Southampton,2020,7.8
Southampton,2021,8.8
Southampton,2022,7.9
Southampton,2023,7.9
Southampton,2024,7.5
Southborough,2017,9.9225
Southborough,2018,8.9225
Southborough,2019,8.0225
Southborough,2020,7.4225
Southborough,2021,8.2225
Southborough,2022,7.5225
Southborough,2023,7.4225
Southborough,2024,6.6225
Southbridge,2017,10.625
Southbridge,2018,9.925
Southbridge,2019,8.725000000000001
Southbridge,2020,8.125
Southbridge,2021,8.925
Southbridge,2022,8.225
Southbridge,2023,8.425
Southbridge,2024,7.425
Southwick,2017,10.3
Southwick,2018,9.7
Southwick,2019,8.4
Southwick,2020,7.9
Southwick,2021,8.9
Southwick,2022,7.9
Southwick,2023,8.0
Southwick,2024,7.6
Spencer,2017,10.0
Spencer,2018,9.4
Spencer,2019,8.4
Spencer,2020,7.8
Spencer,2021,8.5
Spencer,2022,7.9
Spencer,2023,7.9
Spencer,2024,7.1
Springfield,2017,10.908357771260997
Springfield,2018,10.008357771260998
Springfield,2019,8.708357771260998
Springfield,2020,8.108357771260998
Springfield,2021,9.608357771260998
Springfield,2022,8.308357771260997
Springfield,2023,8.308357771260997
Springfield,2024,7.708357771260997
Sterling,2017,10.1
Sterling,2018,9.4
Sterling,2019,8.4
Sterling,2020,7.9
Sterling,2021,8.5
Sterling,2022,7.9
Sterling,2023,7.9
Sterling,2024,7.4
Stockbridge,2017,9.3
Stockbridge,2018,8.8
Stockbridge,2019,7.8
Stockbridge,2020,7.4
Stockbridge,2021,7.9
Stockbridge,2022,7.3
Stockbridge,2023,7.4
Stockbridge,2024,7.4
Stoneham,2017,11.8
Stoneham,2018,10.5
Stoneham,2019,9.7
Stoneham,2020,9.3
Stoneham,2021,9.9
Stoneham,2022,9.1
Stoneham,2023,8.7
Stoneham,2024,7.7
Stoughton,2017,11.4
Stoughton,2018,10.2
Stoughton,2019,9.3
Stoughton,2020,8.8
Stoughton,2021,9.5
Stoughton,2022,8.6
Stoughton,2023,8.3
Stoughton,2024,7.1
Stow,2017,10.9
Stow,2018,9.9
Stow,2019,9.0
Stow,2020,8.4
Stow,2021,9.1
Stow,2022,8.5
Stow,2023,8.3
Stow,2024,7.7
Sturbridge,2017,9.46590909090909
Sturbridge,2018,8.665909090909091
Sturbridge,2019,7.565909090909091
Sturbridge,2020,6.965909090909091
Sturbridge,2021,7.765909090909091
Sturbridge,2022,7.0659090909090905
Sturbridge,2023,7.265909090909091
Sturbridge,2024,6.265909090909091
Sudbury,2017,10.36590909090909
Sudbury,2018,9.26590909090909
Sudbury,2019,8.36590909090909
Sudbury,2020,7.86590909090909
Sudbury,2021,8.565909090909091
Sudbury,2022,7.96590909090909
Sudbury,2023,7.765909090909091
Sudbury,2024,6.965909090909091
Sunderland,2017,9.8
Sunderland,2018,9.2
Sunderland,2019,8.2
Sunderland,2020,7.7
Sunderland,2021,8.6
Sunderland,2022,7.9
Sunderland,2023,7.8
Sunderland,2024,7.6
Sutton,2017,10.4
Sutton,2018,9.6
Sutton,2019,8.6
Sutton,2020,8.0
Sutton,2021,9.0
Sutton,2022,8.1
Sutton,2023,8.2
Sutton,2024,7.2
Swampscott,2017,10.9
Swampscott,2018,10.0
Swampscott,2019,9.2
Swampscott,2020,8.8
Swampscott,2021,9.4
Swampscott,2022,8.7
Swampscott,2023,8.4
Swampscott,2024,7.3
Swansea,2017,10.0
Swansea,2018,9.5
Swansea,2019,8.5
Swansea,2020,8.1
Swansea,2021,8.8
Swansea,2022,7.8
Swansea,2023,7.8
Swansea,2024,6.9
Taunton,2017,10.7
Taunton,2018,9.7
Taunton,2019,8.8
Taunton,2020,8.3
Taunton,2021,9.1
Taunton,2022,8.2
Taunton,2023,8.0
Taunton,2024,7.1
Templeton,2017,9.3
Templeton,2018,8.8
Templeton,2019,8.0
Templeton,2020,7.4
Templeton,2021,7.8
Templeton,2022,7.4
Templeton,2023,7.4
Templeton,2024,7.2
Tewksbury,2017,11.4
Tewksbury,2018,10.2
Tewksbury,2019,9.3
Tewksbury,2020,8.8
Tewksbury,2021,9.5
Tewksbury,2022,8.9
Tewksbury,2023,8.6
Tewksbury,2024,7.8
Tisbury,2017,8.2
Tisbury,2018,8.2
Tisbury,2019,7.4
Tisbury,2020,7.2
Tisbury,2021,7.5
Tisbury,2022,6.8
Tisbury,2023,6.8
Tisbury,2024,6.0
Tolland,2017,9.0875
Tolland,2018,8.6875
Tolland,2019,7.5874999999999995
Tolland,2020,7.0874999999999995
Tolland,2021,7.6875
Tolland,2022,7.0874999999999995
Tolland,2023,7.2875
Tolland,2024,6.9875
Topsfield,2017,8.899999999999999
Topsfield,2018,7.8999999999999995
Topsfield,2019,7.2
Topsfield,2020,6.7
Topsfield,2021,7.6000000000000005
Topsfield,2022,6.999999999999999
Topsfield,2023,6.6000000000000005
Topsfield,2024,5.6
Townsend,2017,9.9
Townsend,2018,9.2
Townsend,2019,8.3
Townsend,2020,7.8
Townsend,2021,8.2
Townsend,2022,7.8
Townsend,2023,7.7
Townsend,2024,7.3
Truro,2017,7.8
Truro,2018,8.1
Truro,2019,7.3
Truro,2020,6.9
Truro,2021,7.2
Truro,2022,6.6
Truro,2023,6.6
Truro,2024,6.0
Tyngsborough,2017,10.109375
Tyngsborough,2018,9.209375
Tyngsborough,2019,8.209375
Tyngsborough,2020,7.7093750000000005
Tyngsborough,2021,8.409374999999999
Tyngsborough,2022,7.909375
Tyngsborough,2023,7.609375000000001
Tyngsborough,2024,7.2093750000000005
Tyringham,2017,9.1
Tyringham,2018,8.7
Tyringham,2019,7.7
Tyringham,2020,7.3
Tyringham,2021,7.7
Tyringham,2022,7.1
Tyringham,2023,7.3
Tyringham,2024,7.2
Upton,2017,9.923863636363636
Upton,2018,9.123863636363637
Upton,2019,8.123863636363637
Upton,2020,7.523863636363636
Upton,2021,8.423863636363636
Upton,2022,7.623863636363637
Upton,2023,7.623863636363637
Upton,2024,6.6238636363636365
Uxbridge,2017,10.3
Uxbridge,2018,9.6
Uxbridge,2019,8.6
Uxbridge,2020,8.1
Uxbridge,2021,9.0
Uxbridge,2022,8.1
Uxbridge,2023,8.2
Uxbridge,2024,7.1
Wakefield,2017,10.930142857142856
Wakefield,2018,9.630142857142857
Wakefield,2019,8.830142857142857
Wakefield,2020,8.430142857142856
Wakefield,2021,9.130142857142857
Wakefield,2022,8.330142857142857
Wakefield,2023,7.930142857142856
Wakefield,2024,6.930142857142857
Wales,2017,10.0
Wales,2018,9.4
Wales,2019,8.2
Wales,2020,7.6
Wales,2021,8.4
Wales,2022,7.8
Wales,2023,7.9
Wales,2024,7.0
Walpole,2017,11.6453125
Walpole,2018,10.545312499999998
Walpole,2019,9.6453125
Walpole,2020,9.045312499999998
Walpole,2021,9.845312499999999
Walpole,2022,9.045312499999998
Walpole,2023,8.845312499999999
Walpole,2024,7.645312499999999
Waltham,2017,11.314285714285715
Waltham,2018,10.114285714285714
Waltham,2019,9.314285714285715
Waltham,2020,8.814285714285715
Waltham,2021,9.414285714285715
Waltham,2022,8.614285714285714
Waltham,2023,8.314285714285715
Waltham,2024,7.314285714285714
Ware,2017,9.0225
Ware,2018,8.4225
Ware,2019,7.322500000000001
Ware,2020,6.7225
Ware,2021,7.6225
Ware,2022,7.0225
Ware,2023,7.0225
Ware,2024,6.3225
Wareham,2017,8.367857142857144
Wareham,2018,7.867857142857143
Wareham,2019,6.9678571428571425
Wareham,2020,6.667857142857143
Wareham,2021,7.167857142857142
Wareham,2022,6.367857142857143
Wareham,2023,6.367857142857143
Wareham,2024,5.4678571428571425
Warren,2017,10.0
Warren,2018,9.4
Warren,2019,8.3
Warren,2020,7.7
Warren,2021,8.5
Warren,2022,7.9
Warren,2023,7.9
Warren,2024,7.1
Warwick,2017,9.4
Warwick,2018,8.9
Warwick,2019,8.1
Warwick,2020,7.5
Warwick,2021,8.3
Warwick,2022,7.6
Warwick,2023,7.5
Warwick,2024,7.6
Washington,2017,9.0
Washington,2018,8.7
Washington,2019,7.7
Washington,2020,7.3
Washington,2021,7.7
Washington,2022,7.2
Washington,2023,7.3
Washington,2024,7.2
Watertown,2017,11.405000000000001
Watertown,2018,10.105
Watertown,2019,9.305
Watertown,2020,8.905000000000001
Watertown,2021,9.405000000000001
Watertown,2022,8.605
Watertown,2023,8.205000000000002
Watertown,2024,7.105
Wayland,2017,10.650909090909092
Wayland,2018,9.55090909090909
Wayland,2019,8.650909090909092
Wayland,2020,8.150909090909092
Wayland,2021,8.850909090909092
Wayland,2022,8.150909090909092
Wayland,2023,7.95090909090909
Wayland,2024,7.050909090909091
Webster,2017,10.3
Webster,2018,9.5
Webster,2019,8.4
Webster,2020,7.8
Webster,2021,8.7
Webster,2022,7.9
Webster,2023,8.0
Webster,2024,7.0
Wellesley,2017,11.7
Wellesley,2018,10.5
Wellesley,2019,9.6
Wellesley,2020,9.1
Wellesley,2021,9.8
Wellesley,2022,9.0
Wellesley,2023,8.7
Wellesley,2024,7.6
Wellfleet,2017,7.9
Wellfleet,2018,8.1
Wellfleet,2019,7.3
Wellfleet,2020,6.9
Wellfleet,2021,7.2
Wellfleet,2022,6.6
Wellfleet,2023,6.6
Wellfleet,2024,6.0
Wendell,2017,9.4
Wendell,2018,8.9
Wendell,2019,8.1
Wendell,2020,7.5
Wendell,2021,8.3
Wendell,2022,7.6
Wendell,2023,7.5
Wendell,2024,7.6
Wenham,2017,10.4
Wenham,2018,9.6
Wenham,2019,8.8
Wenham,2020,8.3
Wenham,2021,9.2
Wenham,2022,8.5
Wenham,2023,8.2
Wenham,2024,7.2
West Boylston,2017,10.725000000000001
West Boylston,2018,10.024999999999999
West Boylston,2019,9.024999999999999
West Boylston,2020,8.425
West Boylston,2021,9.125
West Boylston,2022,8.524999999999999
West Boylston,2023,8.425
West Boylston,2024,7.825
West Bridgewater,2017,10.9
West Bridgewater,2018,9.7
West Bridgewater,2019,8.9
West Bridgewater,2020,8.3
West Bridgewater,2021,9.0
West Bridgewater,2022,8.2
West Bridgewater,2023,8.0
West Bridgewater,2024,6.9
West Brookfield,2017,9.8
West Brookfield,2018,9.3
West Brookfield,2019,8.2
West Brookfield,2020,7.6
West Brookfield,2021,8.4
West Brookfield,2022,7.8
West Brookfield,2023,7.9
West Brookfield,2024,7.1
West Newbury,2017,10.2
West Newbury,2018,9.4
West Newbury,2019,8.7
West Newbury,2020,8.1
West Newbury,2021,9.2
West Newbury,2022,8.6
West Newbury,2023,8.2
West Newbury,2024,7.2
West Springfield,2017,11.0
West Springfield,2018,10.2
West Springfield,2019,8.9
West Springfield,2020,8.3
West Springfield,2021,9.7
West Springfield,2022,8.4
West Springfield,2023,8.4
West Springfield,2024,7.9
West Stockbridge,2017,9.4
West Stockbridge,2018,8.9
West Stockbridge,2019,7.8
West Stockbridge,2020,7.5
West Stockbridge,2021,8.0
West Stockbridge,2022,7.3
West Stockbridge,2023,7.4
West Stockbridge,2024,7.5
West Tisbury,2017,7.9
West Tisbury,2018,8.2
West Tisbury,2019,7.4
West Tisbury,2020,7.1
West Tisbury,2021,7.4
West Tisbury,2022,6.7
West Tisbury,2023,6.8
West Tisbury,2024,5.8
Westborough,2017,10.926285714285715
Westborough,2018,10.026285714285715
Westborough,2019,9.026285714285715
Westborough,2020,8.426285714285715
Westborough,2021,9.326285714285714
Westborough,2022,8.626285714285714
Westborough,2023,8.526285714285715
Westborough,2024,7.726285714285714
Westfield,2017,10.22734375
Westfield,2018,9.52734375
Westfield,2019,8.427343749999999
Westfield,2020,7.82734375
Westfield,2021,9.02734375
Westfield,2022,7.9273437499999995
Westfield,2023,8.02734375
Westfield,2024,7.52734375
Westford,2017,10.027232142857143
Westford,2018,9.027232142857143
Westford,2019,8.027232142857143
Westford,2020,7.527232142857144
Westford,2021,8.227232142857142
Westford,2022,7.727232142857143
Westford,2023,7.427232142857144
Westford,2024,6.927232142857143
Westhampton,2017,9.6
Westhampton,2018,9.1
Westhampton,2019,8.1
Westhampton,2020,7.6
Westhampton,2021,8.3
Westhampton,2022,7.6
Westhampton,2023,7.7
Westhampton,2024,7.3
Westminster,2017,10.069886363636364
Westminster,2018,9.569886363636364
Westminster,2019,8.669886363636364
Westminster,2020,8.169886363636364
Westminster,2021,8.469886363636364
Westminster,2022,8.069886363636364
Westminster,2023,8.069886363636364
Westminster,2024,7.769886363636363
Weston,2017,11.5
Weston,2018,10.4
Weston,2019,9.5
Weston,2020,9.0
Weston,2021,9.6
Weston,2022,8.9
Weston,2023,8.6
Weston,2024,7.7
Westport,2017,9.4
Westport,2018,9.1
Westport,2019,8.1
Westport,2020,7.8
Westport,2021,8.3
Westport,2022,7.4
Westport,2023,7.4
Westport,2024,6.4
Westwood,2017,11.6
Westwood,2018,10.4
Westwood,2019,9.6
Westwood,2020,9.0
Westwood,2021,9.7
Westwood,2022,8.9
Westwood,2023,8.6
Westwood,2024,7.4
Weymouth,2017,11.633928571428573
Weymouth,2018,10.43392857142857
Weymouth,2019,9.73392857142857
Weymouth,2020,9.333928571428572
Weymouth,2021,9.833928571428572
Weymouth,2022,8.93392857142857
Weymouth,2023,8.73392857142857
Weymouth,2024,7.433928571428571
Whately,2017,9.8
Whately,2018,9.2
Whately,2019,8.2
Whately,2020,7.7
Whately,2021,8.6
Whately,2022,7.9
Whately,2023,7.8
Whately,2024,7.6
Whitman,2017,10.8
Whitman,2018,9.7
Whitman,2019,8.9
Whitman,2020,8.4
Whitman,2021,9.0
Whitman,2022,8.2
Whitman,2023,8.0
Whitman,2024,6.9
Wilbraham,2017,10.7
Wilbraham,2018,10.0
Wilbraham,2019,8.7
Wilbraham,2020,8.1
Wilbraham,2021,9.4
Wilbraham,2022,8.3
Wilbraham,2023,8.3
Wilbraham,2024,7.6
Williamsburg,2017,9.4
Williamsburg,2018,8.9
Williamsburg,2019,8.0
Williamsburg,2020,7.4
Williamsburg,2021,8.1
Williamsburg,2022,7.5
Williamsburg,2023,7.5
Williamsburg,2024,7.3
Williamstown,2017,8.8
Williamstown,2018,8.5
Williamstown,2019,7.6
Williamstown,2020,7.3
Williamstown,2021,7.6
Williamstown,2022,7.2
Williamstown,2023,7.1
Williamstown,2024,7.5
Wilmington,2017,10.514772727272728
Wilmington,2018,9.314772727272729
Wilmington,2019,8.414772727272727
Wilmington,2020,8.014772727272728
Wilmington,2021,8.714772727272727
Wilmington,2022,8.014772727272728
Wilmington,2023,7.614772727272727
Wilmington,2024,6.814772727272727
Winchendon,2017,8.714285714285714
Winchendon,2018,8.314285714285715
Winchendon,2019,7.514285714285714
Winchendon,2020,6.914285714285715
Winchendon,2021,7.314285714285714
Winchendon,2022,6.914285714285715
Winchendon,2023,6.814285714285714
Winchendon,2024,6.814285714285714
Winchester,2017,11.8
Winchester,2018,10.6
Winchester,2019,9.8
Winchester,2020,9.3
Winchester,2021,9.9
Winchester,2022,9.1
Winchester,2023,8.8
Winchester,2024,7.7
Windsor,2017,8.9
Windsor,2018,8.6
Windsor,2019,7.7
Windsor,2020,7.2
Windsor,2021,7.6
Windsor,2022,7.1
Windsor,2023,7.2
Windsor,2024,7.2
Winthrop,2017,11.7
Winthrop,2018,10.5
Winthrop,2019,9.8
Winthrop,2020,9.5
Winthrop,2021,9.9
Winthrop,2022,9.1
Winthrop,2023,8.7
Winthrop,2024,7.4
Woburn,2017,10.100000000000001
Woburn,2018,8.8
Woburn,2019,7.999999999999999
Woburn,2020,7.499999999999999
Woburn,2021,8.2
Woburn,2022,7.3999999999999995
Woburn,2023,6.999999999999999
Woburn,2024,6.1
Worcester,2017,10.227619047619047
Worcester,2018,9.427619047619048
Worcester,2019,8.427619047619048
Worcester,2020,7.827619047619047
Worcester,2021,8.727619047619047
Worcester,2022,7.927619047619048
Worcester,2023,7.927619047619048
Worcester,2024,7.1276190476190475
Worthington,2017,8.9
Worthington,2018,8.6
Worthington,2019,7.7
Worthington,2020,7.2
Worthington,2021,7.6
Worthington,2022,7.2
Worthington,2023,7.2
Worthington,2024,7.2
Wrentham,2017,9.950000000000001
Wrentham,2018,9.05
Wrentham,2019,8.15
Wrentham,2020,7.550000000000001
Wrentham,2021,8.450000000000001
Wrentham,2022,7.550000000000001
Wrentham,2023,7.450000000000001
Wrentham,2024,6.449999999999999
Yarmouth,2017,7.96875
Yarmouth,2018,7.768750000000001
Yarmouth,2019,7.06875
Yarmouth,2020,6.76875
Yarmouth,2021,7.06875
Yarmouth,2022,6.36875
Yarmouth,2023,6.36875
Yarmouth,2024,5.66875
